train/ent_coef,train/critic_loss,rollout/ep_rew_mean,time/total_timesteps,time/episodes,rollout/ep_len_mean,time/fps,time/time_elapsed,train/n_updates,train/learning_rate,train/actor_loss,train/ent_coef_loss
0.8732416033744812,33.531028747558594,-1972.5171285000001,559,4,139.75,4,119,458,0.0003,26.974334716796875,-0.6484199166297913
0.6807428002357483,915.2894287109375,-2594.5784992500003,1467,8,183.375,5,284,1366,0.0003,72.02894592285156,-1.4839473962783813
0.5223692655563354,20.92064094543457,-2866.8079526666666,2467,12,205.58333333333334,4,502,2366,0.0003,125.44232177734375,-2.0980043411254883
0.4142712950706482,898.78369140625,-2954.2075494375003,3399,16,212.4375,4,708,3298,0.0003,172.31578063964844,-2.1450438499450684
0.3802528977394104,957.4623413085938,-2627.7137181500007,3768,20,188.4,4,799,3667,0.0003,186.97125244140625,-2.2647290229797363
0.3286691904067993,1017.4156494140625,-2549.8386925,4422,24,184.25,3,1207,4321,0.0003,219.5387725830078,-2.198714017868042
0.28189581632614136,1764.0145263671875,-2530.8464075357147,5148,28,183.85714285714286,3,1480,5047,0.0003,248.13555908203125,-1.9088134765625
0.2713695764541626,952.2049560546875,-2288.5317113125,5335,32,166.71875,3,1528,5234,0.0003,260.5057678222656,-1.8284006118774414
0.24031610786914825,74.74654388427734,-2216.094531944445,5965,36,165.69444444444446,3,1677,5864,0.0003,271.7471923828125,-1.3939515352249146
0.23504534363746643,55.422210693359375,-2029.8556674749998,6093,40,152.325,3,1709,5992,0.0003,281.8934326171875,-0.7042198181152344
0.23146378993988037,220.4751739501953,-1866.5289855454541,6190,44,140.6818181818182,3,1736,6089,0.0003,288.1981506347656,-1.185807466506958
0.21815675497055054,461.8258972167969,-1820.2644624375,6607,48,137.64583333333334,3,1838,6506,0.0003,303.0438232421875,-0.8780034780502319
0.21581707894802094,224.28883361816406,-1694.7074170384617,6689,52,128.6346153846154,3,1861,6588,0.0003,305.4673156738281,-1.086349368095398
0.21389168500900269,1260.547119140625,-1586.1209040357141,6761,56,120.73214285714286,3,1881,6660,0.0003,305.7040710449219,-0.4791743755340576
0.2092648446559906,314.8909912109375,-1516.208484016667,6972,60,116.2,3,1934,6871,0.0003,313.4566955566406,-0.5342596769332886
0.20825543999671936,222.02328491210938,-1431.78533140625,7023,64,109.734375,3,1949,6922,0.0003,307.89666748046875,-0.30816811323165894
0.206117182970047,289.8913879394531,-1411.666291632353,7354,68,108.1470588235294,3,2037,7253,0.0003,318.05560302734375,-0.7244351506233215
0.20579977333545685,3131.109375,-1336.9313340694446,7383,72,102.54166666666667,3,2077,7282,0.0003,315.2695007324219,0.4689916968345642
0.2054022252559662,113.60200500488281,-1272.1244391184212,7428,76,97.73684210526316,3,2136,7327,0.0003,316.3818054199219,-0.3017081022262573
0.20359265804290771,2876.541015625,-1243.2403735875,7641,80,95.5125,3,2406,7540,0.0003,323.2156677246094,0.3664608597755432
0.20344707369804382,2073.370361328125,-1191.192924690476,7697,84,91.63095238095238,3,2481,7596,0.0003,319.4754333496094,-0.06215141341090202
0.20379561185836792,2332.6728515625,-1149.6910742500002,7869,88,89.42045454545455,2,2697,7768,0.0003,324.0071716308594,-0.1726355254650116
0.20382481813430786,1336.1282958984375,-1112.3074787934784,7971,92,86.6413043478261,2,2826,7870,0.0003,323.45147705078125,0.378696084022522
0.20927125215530396,1905.454345703125,-1110.6400170312502,8320,96,86.66666666666667,2,3266,8219,0.0003,336.5447998046875,0.15667195618152618
0.21066643297672272,2118.271728515625,-1074.4973788300001,8397,100,83.97,2,3367,8296,0.0003,346.625244140625,0.3504398465156555
0.21173906326293945,1313.168701171875,-1001.45241754,8444,104,78.85,2,3427,8343,0.0003,332.88861083984375,0.28026506304740906
0.2135157585144043,577.1475219726562,-881.3767805799997,8506,108,70.39,2,3507,8405,0.0003,329.6356201171875,-0.32344716787338257
0.21927028894424438,383.6478271484375,-769.4512122399999,8704,112,62.37,2,3760,8603,0.0003,316.30303955078125,0.44507378339767456
0.22322288155555725,508.9877014160156,-655.6228011799999,8846,116,54.47,2,3942,8745,0.0003,331.31805419921875,0.5928358435630798
0.2246137410402298,1641.6129150390625,-605.4274956699999,8876,120,51.08,2,3983,8775,0.0003,320.4341125488281,0.3393095135688782
0.22616076469421387,714.1030883789062,-522.4932039600001,8915,124,44.93,2,4038,8814,0.0003,326.8310241699219,0.6625832319259644
0.23036430776119232,233.23822021484375,-434.94147291,8987,128,38.39,2,4131,8886,0.0003,332.4263916015625,-0.10517153143882751
0.23305854201316833,1625.016357421875,-416.69850785999995,9040,132,37.05,2,4201,8939,0.0003,332.54058837890625,0.6225648522377014
0.23556680977344513,1558.01708984375,-356.47803727999997,9092,136,31.27,2,4270,8991,0.0003,316.8298645019531,0.47688040137290955
0.24094687402248383,3040.605712890625,-353.30628636999995,9174,140,30.81,2,4376,9073,0.0003,326.3412780761719,0.08229993283748627
0.24524319171905518,1406.4810791015625,-353.44473904000006,9230,144,30.4,2,4452,9129,0.0003,328.6565856933594,1.2156152725219727
0.2488723248243332,947.1639404296875,-305.10576472,9271,148,26.64,2,4506,9170,0.0003,329.52264404296875,0.4703945219516754
0.2520480155944824,2513.7431640625,-302.48015240000007,9311,152,26.22,2,4558,9210,0.0003,321.0884094238281,0.6559112668037415
0.25571754574775696,2479.2734375,-301.21380024,9353,156,25.92,2,4614,9252,0.0003,313.26605224609375,0.8445651531219482
0.2592931389808655,701.120361328125,-285.54798952000004,9387,160,24.15,2,4661,9286,0.0003,316.9603271484375,1.238194465637207
0.2637748122215271,764.274658203125,-283.52557181,9424,164,24.01,2,4710,9323,0.0003,322.4924621582031,0.7438416481018066
0.2673141658306122,943.693359375,-244.24813216999996,9461,168,21.07,1,4759,9360,0.0003,317.3887023925781,0.6944184899330139
0.2711940109729767,703.9525146484375,-247.69234807,9501,172,21.18,1,4811,9400,0.0003,320.5124206542969,0.6085183620452881
0.27741217613220215,813.2066040039062,-251.15339780000002,9559,176,21.31,1,4888,9458,0.0003,341.265625,1.0712692737579346
0.2808932065963745,604.8458251953125,-226.86075965,9587,180,19.46,1,4928,9486,0.0003,318.2599182128906,0.7336930632591248
0.28913798928260803,566.4420776367188,-228.838675,9650,184,19.53,1,5009,9549,0.0003,325.8323669433594,1.6155595779418945
0.29745250940322876,1422.3145751953125,-224.98912588,9704,188,18.35,1,5079,9603,0.0003,323.461669921875,1.7919766902923584
0.3051028847694397,744.7561645507812,-220.11514013999997,9754,192,17.83,1,5147,9653,0.0003,321.48486328125,1.269670844078064
0.31247657537460327,1580.8104248046875,-184.26297728,9811,196,14.91,1,5222,9710,0.0003,332.8558349609375,0.66945880651474
0.3207063376903534,576.20751953125,-181.91257180999997,9865,200,14.68,1,5294,9764,0.0003,317.29583740234375,1.4791224002838135
0.3291357159614563,549.3363037109375,-183.59531358000004,9920,204,14.76,1,5368,9819,0.0003,309.1586608886719,1.519254207611084
0.33378866314888,897.6137084960938,-179.66134016000004,9949,208,14.43,1,5408,9848,0.0003,308.00927734375,1.3511168956756592
0.34058403968811035,1556.46484375,-160.27091056999998,9992,212,12.88,1,5464,9891,0.0003,308.7611083984375,1.4956321716308594
0.34771791100502014,1040.55859375,-151.06970968,10036,216,11.9,1,5523,9935,0.0003,310.6725158691406,1.5759844779968262
0.35554733872413635,851.7715454101562,-156.52463269,10085,220,12.09,1,5587,9984,0.0003,304.5247802734375,1.3558151721954346
0.36536088585853577,2658.80029296875,-162.53654072999998,10143,224,12.28,1,5664,10042,0.0003,314.8818054199219,1.244742512702942
0.3710603415966034,898.3806762695312,-159.96419998999997,10179,228,11.92,1,5711,10078,0.0003,307.4172668457031,0.9645776748657227
0.37873098254203796,961.0665283203125,-161.4440904,10226,232,11.86,1,5774,10125,0.0003,320.0506286621094,1.6207833290100098
0.38633793592453003,1096.842529296875,-163.59130455000002,10270,236,11.78,1,5834,10169,0.0003,306.83392333984375,0.8636908531188965
0.3923279047012329,960.995361328125,-157.27490804,10302,240,11.28,1,5876,10201,0.0003,299.15020751953125,1.2918522357940674
0.398101270198822,570.775146484375,-154.72682877,10332,244,11.02,1,5918,10231,0.0003,295.7128601074219,1.2709978818893433
0.4071158766746521,1779.842529296875,-159.19521784999998,10389,248,11.18,1,5994,10288,0.0003,293.7463684082031,0.8537759184837341
0.4162791073322296,715.353271484375,-161.33816102,10452,252,11.41,1,6076,10351,0.0003,294.0682678222656,1.0842026472091675
0.4207455813884735,636.8388671875,-161.30821429,10484,256,11.31,1,6119,10383,0.0003,318.62371826171875,0.8825001120567322
0.4255947768688202,614.737548828125,-160.31737036,10519,260,11.32,1,6166,10418,0.0003,280.775390625,0.9359086751937866
0.42968320846557617,784.8310546875,-158.72505157,10551,264,11.27,1,6208,10450,0.0003,285.47723388671875,1.0770870447158813
0.4367733895778656,633.9842529296875,-164.11711432999996,10605,268,11.44,1,6279,10504,0.0003,273.1199951171875,0.8834716081619263
0.4404189884662628,707.32861328125,-162.13337599000002,10631,272,11.3,1,6314,10530,0.0003,286.17742919921875,0.9294396638870239
0.45031243562698364,554.4923095703125,-164.88521885000003,10698,276,11.39,1,6403,10597,0.0003,281.8749084472656,0.7334064245223999
0.456855446100235,1552.55615234375,-169.42479495,10748,280,11.61,1,6467,10647,0.0003,281.0726318359375,0.6585360169410706
0.4637777805328369,668.0245361328125,-169.58757724,10802,284,11.52,1,6537,10701,0.0003,273.6731872558594,0.7622157335281372
0.46883973479270935,1586.2978515625,-167.98651093,10841,288,11.37,1,6589,10740,0.0003,271.0681457519531,0.8905944228172302
0.47779515385627747,619.4009399414062,-167.48776651999998,10911,292,11.57,1,6682,10810,0.0003,287.3078308105469,0.7917394638061523
0.4812580645084381,729.6034545898438,-164.06166849000002,10940,296,11.29,1,6722,10839,0.0003,275.2650451660156,0.588982343673706
0.48461565375328064,628.7147216796875,-160.80773662000001,10974,300,11.09,1,6768,10873,0.0003,271.2941589355469,0.6322970390319824
0.4886588752269745,602.2623901367188,-157.41562978,11006,304,10.86,1,6811,10905,0.0003,264.9606628417969,0.8967587351799011
0.49391844868659973,1652.1534423828125,-159.44679514,11044,308,10.95,1,6863,10943,0.0003,267.7315979003906,0.5469658374786377
0.5000501275062561,616.2982177734375,-163.48252877,11104,312,11.12,1,6939,11003,0.0003,269.84454345703125,0.6140968203544617
0.5039100050926208,740.3416748046875,-162.53647478000002,11133,316,10.97,1,6979,11032,0.0003,258.0219421386719,0.7721755504608154
0.5089377760887146,745.3179931640625,-160.50440948000002,11176,320,10.91,1,7036,11075,0.0003,260.2546081542969,0.5023989677429199
0.5120086669921875,877.9415283203125,-155.60900984,11203,324,10.6,1,7074,11102,0.0003,273.27716064453125,0.4596547484397888
0.5169119834899902,740.2109375,-155.14358947,11246,328,10.67,1,7131,11145,0.0003,255.00331115722656,0.6574284434318542
0.520052969455719,2184.646484375,-152.3631013,11275,332,10.49,1,7170,11174,0.0003,256.5386047363281,0.6782240271568298
0.5267991423606873,2315.5263671875,-152.29278551,11325,336,10.55,1,7237,11224,0.0003,246.2892303466797,0.5028417706489563
0.5294057726860046,681.60302734375,-151.13771269,11354,340,10.52,1,7276,11253,0.0003,255.94549560546875,0.7984521389007568
0.5350810885429382,649.7350463867188,-151.72213013,11400,344,10.68,1,7337,11299,0.0003,258.34600830078125,0.38049939274787903
0.5391016006469727,1438.988037109375,-145.68040577,11430,348,10.41,1,7380,11329,0.0003,266.760498046875,0.4245065450668335
0.54755038022995,2989.025390625,-146.88020304000003,11502,352,10.5,1,7470,11401,0.0003,255.9888153076172,0.4034784138202667
0.5523867607116699,640.5177612304688,-148.06416968999997,11543,356,10.59,1,7526,11442,0.0003,258.03302001953125,0.47694113850593567
0.5554208755493164,398.546142578125,-146.82937399,11573,360,10.54,1,7566,11472,0.0003,270.94012451171875,0.3071346580982208
0.559340238571167,496.154296875,-148.49559053999997,11610,364,10.59,1,7616,11509,0.0003,253.68312072753906,0.5270917415618896
0.5665000081062317,769.9246826171875,-146.07083741999998,11666,368,10.61,1,7688,11565,0.0003,250.10275268554688,0.43737339973449707
0.5726054310798645,789.9358520507812,-147.87281027,11714,372,10.83,1,7750,11613,0.0003,253.1195831298828,0.1603326052427292
0.576225757598877,778.3780517578125,-142.80787804999997,11748,376,10.5,1,7797,11647,0.0003,234.66925048828125,0.33540207147598267
0.5805537700653076,597.4058837890625,-141.4473558,11791,380,10.43,1,7854,11690,0.0003,243.24578857421875,0.1812632977962494
0.5844112038612366,1609.497314453125,-139.04324570999998,11828,384,10.26,1,7903,11727,0.0003,248.8417510986328,0.29186388850212097
0.5889353156089783,656.6358642578125,-138.97805172,11874,388,10.33,1,7964,11773,0.0003,216.15045166015625,0.18706554174423218
0.5931391716003418,487.2411193847656,-136.51824003,11913,392,10.02,1,8015,11812,0.0003,250.43405151367188,0.13000234961509705
0.5967943072319031,658.673095703125,-137.35405609,11947,396,10.07,1,8061,11846,0.0003,226.7334747314453,0.23225298523902893
0.6021834015846252,541.3651123046875,-140.76027963,11992,400,10.18,1,8119,11891,0.0003,231.65928649902344,0.23360373079776764
0.6061673164367676,627.34521484375,-140.80466922000002,12026,404,10.2,1,8165,11925,0.0003,241.94650268554688,0.13981004059314728
0.6114851236343384,1580.206298828125,-140.0029163,12079,408,10.35,1,8235,11978,0.0003,248.91571044921875,-0.024301238358020782
0.6137097477912903,753.0396728515625,-132.92744867,12104,412,10.0,1,8270,12003,0.0003,230.4418487548828,0.042223140597343445
0.6186988949775696,1521.80029296875,-135.35134613999998,12148,416,10.15,1,8328,12047,0.0003,227.49176025390625,0.17372830212116241
0.6225706934928894,667.5322265625,-137.70678542,12203,420,10.27,1,8398,12102,0.0003,226.93978881835938,0.1205257847905159
0.6255203485488892,756.3512573242188,-138.73153672,12250,424,10.47,1,8462,12149,0.0003,227.12252807617188,0.1376328319311142
0.6299339532852173,1567.10302734375,-136.99547447999998,12297,428,10.51,1,8524,12196,0.0003,219.2243194580078,0.035650383681058884
0.6331338286399841,556.6103515625,-139.53248707999998,12357,432,10.82,1,8602,12256,0.0003,230.66256713867188,0.0244436152279377
0.6362518668174744,1115.1842041015625,-136.07861213,12397,436,10.72,1,8655,12296,0.0003,230.7457733154297,0.011777363717556
0.6375272870063782,682.0335693359375,-135.20069411999998,12427,440,10.73,1,8696,12326,0.0003,230.9002227783203,-0.016791896894574165
0.637691855430603,502.0946960449219,-131.11550655,12464,444,10.64,1,8747,12363,0.0003,211.85304260253906,0.021744567900896072
0.6391724944114685,613.5179443359375,-131.53150392999999,12496,448,10.66,1,8792,12395,0.0003,219.9305419921875,0.1725327968597412
0.6405506730079651,1638.9482421875,-127.02289472999999,12517,452,10.15,1,8821,12416,0.0003,223.3052978515625,0.18971773982048035
0.642996609210968,590.83251953125,-125.29769248000002,12557,456,10.14,1,8874,12456,0.0003,198.70538330078125,0.04874133691191673
0.6456088423728943,517.08544921875,-126.38574512000002,12595,460,10.22,1,8924,12494,0.0003,216.45721435546875,0.19334208965301514
0.6475258469581604,404.9156494140625,-124.83134141999999,12628,464,10.18,1,8970,12527,0.0003,216.25808715820312,0.07472173869609833
0.6500901579856873,1259.261474609375,-121.84692513000002,12662,468,9.96,1,9017,12561,0.0003,217.200927734375,0.24211528897285461
0.6533780097961426,1328.266357421875,-119.71813413000001,12695,472,9.81,1,9061,12594,0.0003,217.58978271484375,0.19544827938079834
0.6549521684646606,665.5570068359375,-117.6392043,12723,476,9.75,1,9098,12622,0.0003,209.31861877441406,0.16580279171466827
0.6567135453224182,1497.686767578125,-114.26189792999999,12750,480,9.59,1,9136,12649,0.0003,213.48898315429688,0.16472548246383667
0.6576231718063354,582.1934814453125,-109.81616915,12770,484,9.42,1,9163,12669,0.0003,213.69996643066406,0.1475975066423416
0.658632218837738,643.8077392578125,-106.05322616999997,12797,488,9.23,1,9201,12696,0.0003,209.7290496826172,0.058290306478738785
0.6602557301521301,550.6165771484375,-104.89510875,12823,492,9.1,1,9236,12722,0.0003,209.7335968017578,0.12118624150753021
0.6617366671562195,604.6025390625,-103.89973141999997,12852,496,9.05,1,9275,12751,0.0003,211.2834930419922,0.03657091408967972
0.6639478206634521,533.860107421875,-101.59699392,12885,500,8.93,1,9320,12784,0.0003,210.14971923828125,0.026917576789855957
0.664862334728241,677.2374267578125,-101.20871821,12916,504,8.9,1,9361,12815,0.0003,206.243896484375,0.07902969419956207
0.66685950756073,581.5476684570312,-98.9061969,12945,508,8.66,1,9402,12844,0.0003,192.48275756835938,0.09433974325656891
0.6696040630340576,411.41131591796875,-102.38753584,12994,512,8.9,1,9467,12893,0.0003,198.65057373046875,-0.02953760325908661
0.6700840592384338,483.5567626953125,-98.14778748999998,13025,516,8.77,1,9510,12924,0.0003,210.976318359375,0.11090099066495895
0.6708441972732544,553.0955810546875,-92.02004317000001,13052,520,8.49,1,9547,12951,0.0003,193.66525268554688,0.12664794921875
0.6721290946006775,575.3934326171875,-88.54041910999999,13078,524,8.28,1,9583,12977,0.0003,200.86048889160156,0.08457355946302414
0.6729076504707336,1591.9017333984375,-89.11529533,13119,528,8.22,1,9636,13018,0.0003,197.87063598632812,0.0305786170065403
0.6732426881790161,775.7210693359375,-84.12567432999998,13141,532,7.84,1,9669,13040,0.0003,203.55616760253906,0.08280576020479202
0.6732779145240784,421.486083984375,-84.47992013000001,13186,536,7.89,1,9730,13085,0.0003,192.1942138671875,-0.07728691399097443
0.6727485060691833,686.982666015625,-86.99792694000001,13233,540,8.06,1,9792,13132,0.0003,192.11732482910156,0.03181673586368561
0.6749916672706604,926.8035278320312,-88.90366249,13288,544,8.24,1,9864,13187,0.0003,193.23703002929688,0.021582312881946564
0.6750615835189819,1454.620361328125,-91.01869823999999,13343,548,8.47,1,9935,13242,0.0003,183.39854431152344,-0.004980266094207764
0.6746457815170288,568.05126953125,-90.30846158,13370,552,8.53,1,9971,13269,0.0003,179.1351776123047,0.05267075076699257
0.6759029030799866,1584.4681396484375,-89.09270868999998,13403,556,8.46,1,10014,13302,0.0003,193.63856506347656,0.010147405788302422
0.6746206879615784,543.3434448242188,-87.66306359999999,13438,560,8.43,1,10060,13337,0.0003,183.481201171875,0.10323311388492584
0.6756701469421387,1542.9130859375,-87.62222842999999,13465,564,8.37,1,10098,13364,0.0003,193.83038330078125,-0.08897058665752411
0.6766653060913086,542.2354736328125,-85.22289689999998,13488,568,8.26,1,10130,13387,0.0003,181.49447631835938,-0.04257013648748398
0.6769137382507324,505.83843994140625,-84.20577523999998,13509,572,8.14,1,10159,13408,0.0003,188.65701293945312,-0.047132186591625214
0.6779778599739075,461.0426025390625,-83.84619478,13532,576,8.09,1,10191,13431,0.0003,181.5112762451172,0.014831332489848137
0.6822988986968994,577.6986083984375,-86.04144355000003,13587,580,8.37,1,10259,13486,0.0003,179.24664306640625,0.04686207324266434
0.6850965619087219,445.90386962890625,-91.06219949999999,13637,584,8.67,1,10326,13536,0.0003,191.10134887695312,0.1649184226989746
0.6861345767974854,449.00799560546875,-93.33844673999998,13670,588,8.73,1,10371,13569,0.0003,178.58766174316406,0.06699694693088531
0.6873908042907715,588.502685546875,-92.05437985,13690,592,8.67,1,10400,13589,0.0003,181.5050048828125,0.14505243301391602
0.6887785792350769,431.7984619140625,-90.61654111,13716,596,8.64,1,10434,13615,0.0003,175.90098571777344,-0.03984550014138222
0.6893264651298523,549.5849609375,-89.48880863000001,13751,600,8.66,1,10482,13650,0.0003,182.42633056640625,0.1751728653907776
0.6903421878814697,2187.21435546875,-89.52979565000001,13783,604,8.67,1,10523,13682,0.0003,195.9104461669922,0.028829291462898254
0.6900621056556702,577.5204467773438,-90.94782335000002,13815,608,8.7,1,10566,13714,0.0003,177.7464599609375,0.06901330500841141
0.6908441781997681,461.26885986328125,-88.98257860999998,13843,612,8.49,1,10605,13742,0.0003,177.18167114257812,-0.15610164403915405
0.6900463700294495,573.4024047851562,-90.15514383999998,13885,616,8.6,1,10661,13784,0.0003,178.93441772460938,-0.022543251514434814
0.6905874609947205,732.868896484375,-91.04089538,13920,620,8.68,1,10710,13819,0.0003,177.65406799316406,-0.04604487493634224
0.6905637979507446,2401.2529296875,-92.64878365999999,13959,624,8.81,1,10762,13858,0.0003,187.10816955566406,-0.038686856627464294
0.6899721026420593,526.798828125,-89.91897683,13986,628,8.67,1,10800,13885,0.0003,173.02105712890625,0.06095796823501587
0.6907790303230286,397.2777099609375,-91.90877315000002,14016,632,8.75,1,10840,13915,0.0003,169.44992065429688,0.058589302003383636
0.6917121410369873,407.342529296875,-91.22838580000001,14045,636,8.59,1,10878,13944,0.0003,180.91891479492188,-0.007498577237129211
0.6928288340568542,411.2108154296875,-89.35417240000001,14081,640,8.48,1,10928,13980,0.0003,173.41879272460938,0.03667662665247917
0.6844624280929565,529.0936279296875,-114.00917748,14430,644,11.42,1,11367,14329,0.0003,151.83709716796875,-0.02514342963695526
0.685813844203949,471.8665771484375,-111.53776698000001,14461,648,11.18,1,11410,14360,0.0003,173.53958129882812,0.02372625470161438
0.6853827238082886,557.3724365234375,-111.06820625,14484,652,11.14,1,11444,14383,0.0003,158.13424682617188,-0.09479103237390518
0.6850131750106812,422.669677734375,-109.49733169,14512,656,11.09,1,11483,14411,0.0003,152.62432861328125,-0.056761711835861206
0.6845239400863647,484.5289001464844,-110.19649487000001,14554,660,11.16,1,11537,14453,0.0003,157.6678924560547,-0.122716024518013
0.6828306913375854,432.6858825683594,-109.80750900999999,14584,664,11.19,1,11580,14483,0.0003,150.31600952148438,-0.057405974715948105
0.6812258958816528,272.88287353515625,-111.35834347999999,14623,668,11.35,1,11632,14522,0.0003,167.0998077392578,-0.12689416110515594
0.6780897974967957,345.2353820800781,-113.1202715,14677,672,11.68,1,11704,14576,0.0003,149.87301635742188,-0.13386864960193634
0.6756499409675598,2231.1376953125,-113.09473140999997,14710,676,11.78,1,11748,14609,0.0003,165.08404541015625,0.06086460500955582
0.6744097471237183,378.7884826660156,-110.85098517,14746,680,11.59,1,11798,14645,0.0003,165.35723876953125,-0.07134637981653214
0.6715741753578186,1275.518310546875,-108.75487859999997,14785,684,11.48,1,11850,14684,0.0003,163.13607788085938,0.030629796907305717
0.6715612411499023,1274.558837890625,-107.82448196000001,14811,688,11.41,1,11888,14710,0.0003,159.89341735839844,-0.07733313739299774
0.6705654859542847,478.65533447265625,-108.97858771000001,14829,692,11.39,1,11913,14728,0.0003,158.58621215820312,-0.021686561405658722
0.6705094575881958,1197.2041015625,-110.54964946,14868,696,11.52,1,11964,14767,0.0003,175.06471252441406,-0.006560161709785461
0.6670467853546143,446.0988464355469,-110.83826019,14900,700,11.49,1,12009,14799,0.0003,152.47714233398438,-0.007159864529967308
0.6644649505615234,1313.751708984375,-111.06024868000003,14937,704,11.54,1,12056,14836,0.0003,155.1484832763672,-0.08382120728492737
0.6626685857772827,1176.556396484375,-109.07466421000001,14971,708,11.56,1,12101,14870,0.0003,158.93833923339844,-0.006586013361811638
0.6609448790550232,373.92779541015625,-108.96249204000001,15009,712,11.66,1,12150,14908,0.0003,151.29502868652344,0.013099108822643757
0.6558623313903809,374.20574951171875,-109.92519121000001,15071,716,11.86,1,12230,14970,0.0003,161.00466918945312,0.027906129136681557
0.654795229434967,2154.87158203125,-109.91054271000002,15109,720,11.89,1,12282,15008,0.0003,160.79457092285156,0.09442956745624542
0.6535192728042603,401.7054443359375,-109.20978307999998,15144,724,11.85,1,12331,15043,0.0003,137.3631134033203,-0.04567929729819298
0.653046190738678,377.71051025390625,-109.38917703999999,15174,728,11.88,1,12372,15073,0.0003,157.4933624267578,0.11848868429660797
0.6516373157501221,347.51763916015625,-109.05159117000001,15211,732,11.95,1,12421,15110,0.0003,145.2445068359375,-0.1490044742822647
0.6485000252723694,316.5296630859375,-110.45190377,15265,736,12.2,1,12490,15164,0.0003,156.02777099609375,0.06891588121652603
0.644359827041626,411.22564697265625,-114.13660453,15331,740,12.5,1,12576,15230,0.0003,143.26548767089844,0.01958269439637661
0.6437616348266602,1316.5367431640625,-86.96231194,15368,744,9.38,1,12627,15267,0.0003,151.2241973876953,-0.15056180953979492
0.6410496830940247,365.9618225097656,-87.39854240000001,15401,748,9.4,1,12671,15300,0.0003,159.58839416503906,-0.020978091284632683
0.6389663219451904,1267.434326171875,-88.31871818999997,15439,752,9.55,1,12723,15338,0.0003,138.87258911132812,0.08813545852899551
0.6384437680244446,363.42010498046875,-89.08737984999999,15474,756,9.62,1,12771,15373,0.0003,148.21347045898438,-0.010127559304237366
0.6375168561935425,301.1519775390625,-87.26184792999999,15499,760,9.45,1,12804,15398,0.0003,140.82147216796875,-0.022295454517006874
0.636700451374054,340.9897155761719,-86.46293529999998,15523,764,9.39,1,12838,15422,0.0003,141.89239501953125,-0.08087552338838577
0.634310781955719,274.4122009277344,-86.50623202000001,15560,768,9.37,1,12889,15459,0.0003,135.2274169921875,0.07494321465492249
0.633172869682312,1502.017578125,-86.26819832999999,15595,772,9.18,1,12936,15494,0.0003,147.75125122070312,0.054888926446437836
0.6333080530166626,1379.7598876953125,-86.02840506000001,15626,776,9.16,1,12981,15525,0.0003,143.18521118164062,-0.07602496445178986
0.632439136505127,394.9470520019531,-86.95599566000001,15669,780,9.23,1,13035,15568,0.0003,146.96556091308594,0.0022261403501033783
0.6319395303726196,396.3001708984375,-84.67184856,15692,784,9.07,1,13068,15591,0.0003,141.83514404296875,0.06775348633527756
0.6318487524986267,344.1485595703125,-84.46167339,15725,788,9.14,1,13113,15624,0.0003,145.1314239501953,-0.05209856852889061
0.6308143734931946,343.9542541503906,-86.43721186,15775,792,9.46,1,13179,15674,0.0003,132.41290283203125,-0.0243382528424263
0.6303444504737854,340.6259765625,-87.70565273000003,15831,796,9.63,1,13254,15730,0.0003,137.2512969970703,-0.0010126624256372452
0.6293134689331055,328.492919921875,-89.9935457,15893,800,9.93,1,13334,15792,0.0003,132.4493865966797,-0.03513659909367561
0.6285940408706665,315.89404296875,-89.18269124,15921,804,9.84,1,13372,15820,0.0003,142.23858642578125,-0.0027457140386104584
0.6272643208503723,283.9377746582031,-88.55678769000001,15954,808,9.83,1,13417,15853,0.0003,142.2442626953125,-0.1685301661491394
0.6229749321937561,319.192138671875,-87.78670110000002,15987,812,9.78,1,13462,15886,0.0003,131.9552001953125,-0.10966864228248596
0.6181077361106873,333.9857177734375,-86.24207944999998,16028,816,9.57,1,13518,15927,0.0003,138.14984130859375,-0.021354027092456818
0.6160318851470947,340.11090087890625,-85.81608197999998,16059,820,9.5,1,13558,15958,0.0003,132.84120178222656,0.02616109699010849
0.6135053634643555,423.76190185546875,-88.29766318,16118,824,9.74,1,13637,16017,0.0003,134.74789428710938,-0.2216804027557373
0.6111255288124084,1126.602783203125,-88.69863694999998,16149,828,9.75,1,13680,16048,0.0003,137.73593139648438,-0.07346224784851074
0.609557032585144,383.7530517578125,-90.34410830999997,16181,832,9.7,1,13724,16080,0.0003,134.3529815673828,-0.07950997352600098
0.6053472757339478,368.86602783203125,-90.01683649000002,16231,836,9.66,1,13792,16130,0.0003,125.81629943847656,-0.04242636263370514
0.6036900877952576,366.32073974609375,-86.2467448,16269,840,9.38,1,13843,16168,0.0003,139.6085662841797,-0.16462242603302002
0.6008310914039612,343.2289123535156,-87.51892794999999,16304,844,9.36,1,13891,16203,0.0003,136.18505859375,-0.09441806375980377
0.6007858514785767,1186.2039794921875,-88.96736671000001,16346,848,9.45,1,13947,16245,0.0003,126.46107482910156,-0.09552966058254242
0.5987142324447632,297.6076354980469,-87.62547835,16372,852,9.33,1,13983,16271,0.0003,126.7081527709961,0.02837001159787178
0.5966818928718567,1144.834228515625,-87.18518497999999,16407,856,9.33,1,14029,16306,0.0003,126.40296936035156,-0.08916877210140228
0.5929394960403442,361.3866271972656,-89.7193061,16464,860,9.65,1,14105,16363,0.0003,133.06410217285156,-0.0788513720035553
0.5931028127670288,331.36883544921875,-91.91438788,16512,864,9.89,1,14168,16411,0.0003,131.49220275878906,-0.11456657946109772
0.5912805795669556,306.2420959472656,-90.46368824000001,16543,868,9.83,1,14211,16442,0.0003,134.62049865722656,-0.0857435017824173
0.5890830755233765,505.4832763671875,-88.7638117,16574,872,9.79,1,14254,16473,0.0003,125.8752212524414,0.018301161006093025
0.588233470916748,1189.400146484375,-89.14160085000003,16596,876,9.7,1,14285,16495,0.0003,124.82628631591797,0.16214430332183838
0.5869632363319397,285.51678466796875,-89.8978824,16638,880,9.69,1,14341,16537,0.0003,134.4247283935547,0.014708008617162704
0.5853843688964844,1209.450927734375,-90.65351294,16668,884,9.76,1,14382,16567,0.0003,124.72682189941406,0.11943922936916351
0.5841752886772156,472.4370422363281,-89.98696861,16696,888,9.71,1,14420,16595,0.0003,122.19905853271484,-0.0939660593867302
0.5814919471740723,1226.351318359375,-89.8343712,16743,892,9.68,1,14483,16642,0.0003,124.16203308105469,-0.015060292556881905
0.5773293972015381,346.00970458984375,-90.38748525999999,16801,896,9.7,1,14559,16700,0.0003,132.31039428710938,-0.13911044597625732
0.5773754715919495,341.3620300292969,-87.65959622,16829,900,9.36,1,14595,16728,0.0003,129.1820526123047,-0.09810443967580795
0.5732219219207764,1384.0623779296875,-91.48089720999998,16884,904,9.63,1,14653,16783,0.0003,127.89237976074219,0.021618129685521126
0.5727875232696533,418.3415832519531,-92.73248468999998,16932,908,9.78,1,14703,16831,0.0003,133.64248657226562,0.09850375354290009
0.5757288932800293,338.3005065917969,-96.43415483000001,17020,912,10.33,1,14795,16919,0.0003,127.93411254882812,-0.16769003868103027
0.5743696689605713,245.52633666992188,-95.67651819999999,17061,916,10.33,1,14841,16960,0.0003,121.2598876953125,-0.21535325050354004
0.5732231140136719,286.5623779296875,-96.22145144999999,17097,920,10.38,1,14880,16996,0.0003,122.15481567382812,-0.012885220348834991
0.5725135803222656,2049.36767578125,-92.82459629,17126,924,10.08,1,14912,17025,0.0003,125.35941314697266,-0.09363508969545364
0.5723270177841187,2046.496337890625,-95.35851155,17174,928,10.25,1,14965,17073,0.0003,134.7061309814453,-0.016562767326831818
0.5709832906723022,1177.6024169921875,-96.66695716999999,17237,932,10.56,1,15030,17136,0.0003,124.38593292236328,0.010077720507979393
0.570198118686676,394.9696350097656,-95.28432708,17267,936,10.36,1,15062,17166,0.0003,129.214111328125,0.09778442978858948
0.5728089213371277,278.64215087890625,-97.03455998,17314,940,10.45,1,15114,17213,0.0003,118.36880493164062,0.11007845401763916
0.5709955096244812,347.9014892578125,-100.18159766000001,17376,944,10.72,1,15180,17275,0.0003,121.44004821777344,0.10882483422756195
0.5730891823768616,531.6099853515625,-101.3056724,17428,948,10.82,1,15234,17327,0.0003,112.80828857421875,-0.11413827538490295
0.5756746530532837,264.66424560546875,-104.12055923,17474,952,11.02,1,15282,17373,0.0003,132.8051300048828,-0.13117715716362
0.5755063891410828,1175.22265625,-107.79371730999998,17540,956,11.33,1,15352,17439,0.0003,119.75524139404297,0.0540587455034256
0.5730994343757629,1174.24951171875,-107.59107376999998,17587,960,11.23,1,15402,17486,0.0003,111.61412048339844,0.04230628162622452
0.5720264911651611,1180.1868896484375,-106.58069180999999,17622,964,11.1,1,15441,17521,0.0003,113.03759002685547,-0.0887676477432251
0.5723493695259094,326.8157043457031,-110.07259579,17668,968,11.25,1,15490,17567,0.0003,122.77462768554688,0.02437511458992958
0.5721343755722046,1159.032958984375,-111.23599621,17717,972,11.43,1,15541,17616,0.0003,118.71837615966797,-0.15077228844165802
0.5706292390823364,1271.354736328125,-111.67132122999999,17745,976,11.49,1,15572,17644,0.0003,125.33589935302734,0.01435901690274477
0.5677770376205444,1173.8394775390625,-112.81768908,17806,980,11.68,1,15636,17705,0.0003,106.50446319580078,-0.1188940554857254
0.5654628276824951,376.38714599609375,-113.15929868999997,17843,984,11.75,1,15677,17742,0.0003,120.0071029663086,0.06030232086777687
0.5644996762275696,273.4372863769531,-114.66720916999999,17885,988,11.89,1,15722,17784,0.0003,115.09412384033203,0.029471026733517647
0.5624018311500549,1081.875244140625,-117.40130089000002,17952,992,12.09,1,15792,17851,0.0003,119.28596496582031,0.12468332797288895
0.5618101954460144,233.67849731445312,-116.96905996000004,18000,996,11.99,1,15844,17899,0.0003,126.41399383544922,-0.018427029252052307
0.5623040199279785,243.4656219482422,-118.73407545000002,18048,1000,12.19,1,15897,17947,0.0003,118.74873352050781,0.0480322390794754
0.5622175335884094,227.7405242919922,-117.78348128999998,18096,1004,12.12,1,15949,17995,0.0003,117.43231201171875,0.09980612993240356
0.5661700963973999,245.59548950195312,-119.05515435,18149,1008,12.17,1,16005,18048,0.0003,126.37752532958984,-0.005256094038486481
0.5659275054931641,1165.1793212890625,-117.64444187000001,18200,1012,11.8,1,16058,18099,0.0003,130.4286651611328,0.05341529846191406
0.5623526573181152,2831.17626953125,-120.85354852,18270,1016,12.09,1,16131,18169,0.0003,122.68202209472656,-0.07433123886585236
0.5613208413124084,225.77450561523438,-119.70764727999999,18296,1020,11.99,1,16159,18195,0.0003,113.43414306640625,-0.054989151656627655
0.5596774816513062,236.63522338867188,-121.70918006,18330,1024,12.04,1,16198,18229,0.0003,111.43505096435547,-0.04391210526227951
0.5479243993759155,296.1065673828125,-140.64607486,18558,1028,13.84,1,16430,18457,0.0003,121.67561340332031,0.011087128892540932
0.5465648770332336,193.73501586914062,-137.87024528,18596,1032,13.59,1,16471,18495,0.0003,115.65634155273438,-0.07874283194541931
0.5464279055595398,256.05755615234375,-138.83813786000002,18641,1036,13.74,1,16520,18540,0.0003,125.00257873535156,0.0990048199892044
0.5490382313728333,271.8443603515625,-137.97357495000003,18688,1040,13.74,1,16570,18587,0.0003,118.4630126953125,0.052924852818250656
0.5485864877700806,1154.4085693359375,-135.39542629000002,18740,1044,13.64,1,16626,18639,0.0003,114.1694564819336,-0.05654134228825569
0.5441919565200806,275.4609680175781,-135.55214645,18794,1048,13.66,1,16685,18693,0.0003,106.2375717163086,0.0226005669683218
0.5427538752555847,244.9276580810547,-134.47541494000004,18835,1052,13.61,1,16729,18734,0.0003,112.50057983398438,-0.06298656761646271
0.5411956906318665,227.5698699951172,-133.40398186000002,18892,1056,13.52,1,16788,18791,0.0003,115.16563415527344,0.03842088580131531
0.53903728723526,1126.0906982421875,-135.12184015,18952,1060,13.65,1,16852,18851,0.0003,114.9229507446289,0.052628472447395325
0.5383995175361633,1100.935546875,-134.98056388000003,18987,1064,13.65,1,16891,18886,0.0003,116.07870483398438,-0.12183164060115814
0.5352275967597961,302.569580078125,-133.34223732,19027,1068,13.59,1,16935,18926,0.0003,116.7085189819336,0.11637741327285767
0.5344638824462891,206.5233154296875,-134.29845065,19077,1072,13.6,1,16987,18976,0.0003,116.42312622070312,0.06883229315280914
0.5348585247993469,1245.890380859375,-135.47085152000002,19116,1076,13.71,1,17029,19015,0.0003,113.63398742675781,0.27085748314857483
0.538078248500824,227.27932739257812,-135.17085285,19187,1080,13.81,1,17104,19086,0.0003,111.03759002685547,-0.02639363706111908
0.5399717688560486,255.92523193359375,-136.59786699,19238,1084,13.95,1,17157,19137,0.0003,112.8541030883789,0.12309176474809647
0.539616584777832,297.9429016113281,-135.63573089000002,19271,1088,13.86,1,17195,19170,0.0003,118.39370727539062,0.21032795310020447
0.5388487577438354,264.6942138671875,-132.14062176,19302,1092,13.5,1,17228,19201,0.0003,122.97027587890625,0.10260571539402008
0.5400229692459106,250.24252319335938,-130.17165164,19326,1096,13.26,1,17254,19225,0.0003,109.02848052978516,-0.15842077136039734
0.5383865833282471,231.31295776367188,-131.72362934999998,19375,1100,13.27,1,17307,19274,0.0003,120.04405975341797,-0.0330578088760376
0.5380688905715942,1139.688720703125,-131.33253427000002,19425,1104,13.29,1,17361,19324,0.0003,121.28824615478516,-0.05546494945883751
0.5392971038818359,285.2873840332031,-131.35132977,19483,1108,13.34,1,17423,19382,0.0003,117.24517059326172,0.11802040040493011
0.5381292700767517,235.42022705078125,-131.48487746000004,19542,1112,13.42,1,17486,19441,0.0003,108.81436157226562,0.0025612860918045044
0.5389109253883362,300.9384765625,-131.02565858999998,19607,1116,13.37,1,17553,19506,0.0003,105.56654357910156,0.08199702203273773
0.5393791794776917,215.19154357910156,-133.87088340000003,19659,1120,13.63,1,17607,19558,0.0003,112.63275146484375,0.018421996384859085
0.539502739906311,228.50753784179688,-133.57284583,19701,1124,13.71,1,17655,19600,0.0003,105.75489807128906,0.15910768508911133
0.5374792814254761,282.49920654296875,-113.03499192,19741,1128,11.83,1,17697,19640,0.0003,109.47138977050781,-0.2279258668422699
0.5359277725219727,233.48416137695312,-114.02285407000001,19789,1132,11.93,1,17748,19688,0.0003,115.24232482910156,-0.045273054391145706
0.5319884419441223,276.9442443847656,-117.79082320000002,19883,1136,12.42,1,17846,19782,0.0003,115.02642822265625,-0.20776715874671936
0.5289329886436462,213.54541015625,-120.81758114,19956,1140,12.68,1,17922,19855,0.0003,107.7193374633789,-0.0018149735406041145
0.5300845503807068,288.0666809082031,-121.87679476000001,20015,1144,12.75,1,17984,19914,0.0003,121.0460205078125,-0.009107610210776329
0.5293530225753784,234.29905700683594,-120.57998379000003,20071,1148,12.77,1,18044,19970,0.0003,116.12894439697266,-0.007171749137341976
0.5305978059768677,246.93154907226562,-119.94868031,20116,1152,12.81,1,18093,20015,0.0003,120.76600646972656,0.009371154010295868
0.530995786190033,215.14083862304688,-120.99829550999999,20173,1156,12.81,1,18153,20072,0.0003,111.7544937133789,0.0508805587887764
0.527382493019104,187.58807373046875,-120.22747017,20226,1160,12.74,1,18209,20125,0.0003,114.1144027709961,-0.045133814215660095
0.5266762971878052,342.4878234863281,-123.27611780000001,20288,1164,13.01,1,18274,20187,0.0003,117.20748138427734,0.13848304748535156
0.5264410972595215,275.245849609375,-123.07502120999999,20329,1168,13.02,1,18322,20228,0.0003,111.38275146484375,-0.11322270333766937
0.5269339680671692,1149.02490234375,-121.15015915,20361,1172,12.84,1,18356,20260,0.0003,114.68910217285156,-0.19563420116901398
0.5259227752685547,310.8934631347656,-120.6150271,20406,1176,12.9,1,18404,20305,0.0003,110.97227478027344,0.13584603369235992
0.5251763463020325,229.08700561523438,-122.33697018999999,20473,1180,12.86,1,18474,20372,0.0003,105.26802062988281,-0.0953696072101593
0.5223815441131592,186.33566284179688,-120.95956032,20504,1184,12.66,1,18509,20403,0.0003,100.27496337890625,-0.1137801855802536
0.5225540995597839,216.49490356445312,-120.68133644999996,20534,1188,12.63,1,18542,20433,0.0003,106.6834716796875,-0.10485724359750748
0.522258460521698,201.535400390625,-123.92317776999998,20600,1192,12.98,1,18612,20499,0.0003,104.18450927734375,-0.08323273807764053
0.519939661026001,1217.55908203125,-123.77129763999997,20632,1196,13.06,1,18649,20531,0.0003,112.2402572631836,-0.12883731722831726
0.5168523192405701,197.2241668701172,-121.09157407,20667,1200,12.92,1,18688,20566,0.0003,113.43037414550781,0.007191851735115051
0.5135059952735901,201.83474731445312,-120.0025031,20720,1204,12.95,1,18743,20619,0.0003,117.63153076171875,0.07533113658428192
0.5135353803634644,225.13174438476562,-118.33170603999999,20755,1208,12.72,1,18780,20654,0.0003,117.83541107177734,-0.1809450387954712
0.5132827758789062,294.8811340332031,-117.91327979000002,20804,1212,12.62,1,18833,20703,0.0003,105.03394317626953,-0.11818698048591614
0.5128248333930969,190.29769897460938,-116.89425396,20841,1216,12.34,1,18873,20740,0.0003,109.14899444580078,0.11616922914981842
0.5127596259117126,196.78610229492188,-118.77853823000001,20919,1220,12.6,1,18956,20818,0.0003,119.93391418457031,0.010695688426494598
0.5132251977920532,222.82919311523438,-117.98644574999999,20956,1224,12.55,1,18997,20855,0.0003,109.28219604492188,-0.16258318722248077
0.5119853019714355,200.5669708251953,-118.35097655,20999,1228,12.58,1,19044,20898,0.0003,112.59976196289062,0.22264550626277924
0.5148540735244751,217.69358825683594,-122.31905826,21082,1232,12.93,1,19130,20981,0.0003,106.29866027832031,-0.3147065043449402
0.5127756595611572,208.21121215820312,-120.47930448000001,21146,1236,12.63,1,19197,21045,0.0003,111.8141860961914,-0.0741502046585083
0.5144023895263672,283.58355712890625,-118.92468726000001,21196,1240,12.4,1,19250,21095,0.0003,104.71566009521484,-0.04806726425886154
0.5137156248092651,275.9085693359375,-117.21463139999997,21239,1244,12.24,1,19296,21138,0.0003,116.41636657714844,0.11703214794397354
0.5140438675880432,1220.3031005859375,-119.24911030000001,21308,1248,12.37,1,19368,21207,0.0003,110.8114242553711,-0.07749401777982712
0.5166290402412415,237.61068725585938,-120.78644526000002,21349,1252,12.33,1,19413,21248,0.0003,103.81806945800781,-0.04028082638978958
0.5174545645713806,1111.24755859375,-120.85080332,21405,1256,12.32,1,19472,21304,0.0003,106.59062194824219,0.028803840279579163
0.5186601281166077,276.23388671875,-119.04276182999998,21461,1260,12.35,1,19530,21360,0.0003,116.50373840332031,-0.05109366029500961
0.5187589526176453,207.52450561523438,-118.36040435000001,21514,1264,12.26,1,19587,21413,0.0003,111.39132690429688,0.2803803086280823
0.5186447501182556,218.27389526367188,-119.55882032000001,21558,1268,12.29,1,19637,21457,0.0003,107.26172637939453,0.0627845898270607
0.5178959369659424,188.27316284179688,-120.28386122,21588,1272,12.27,1,19669,21487,0.0003,109.98212432861328,-0.002058187499642372
0.5172953605651855,1187.5457763671875,-120.30863547000001,21631,1276,12.25,1,19713,21530,0.0003,99.68274688720703,-0.09238630533218384
0.5144065022468567,217.91810607910156,-123.42058880999998,21762,1280,12.89,1,19850,21661,0.0003,106.89913177490234,-0.19853439927101135
0.513866662979126,198.25714111328125,-124.03024339999997,21790,1284,12.86,1,19879,21689,0.0003,109.72309112548828,-0.2200065702199936
0.5121039152145386,225.68252563476562,-123.99805540999998,21820,1288,12.86,1,19914,21719,0.0003,106.662109375,-0.029654625803232193
0.5121443271636963,302.99920654296875,-120.88332859,21858,1292,12.58,1,19955,21757,0.0003,108.80277252197266,0.12603245675563812
0.5131414532661438,1240.064208984375,-121.19983422000001,21894,1296,12.62,1,19995,21793,0.0003,112.30619049072266,0.035246048122644424
0.5125896334648132,226.3679656982422,-122.13246567999998,21939,1300,12.72,1,20043,21838,0.0003,110.93330383300781,0.21921417117118835
0.5109855532646179,1036.3282470703125,-121.12285937,21984,1304,12.64,1,20091,21883,0.0003,119.67552947998047,0.10747907310724258
0.5094862580299377,290.50433349609375,-120.54167784000003,22015,1308,12.6,1,20127,21914,0.0003,111.93272399902344,0.04087001457810402
0.5086232423782349,237.30984497070312,-119.19171693000003,22060,1312,12.56,1,20176,21959,0.0003,113.0660400390625,-0.03645653277635574
0.5067672729492188,212.87796020507812,-119.34298015,22107,1316,12.66,1,20226,22006,0.0003,112.84680938720703,0.21460071206092834
0.5046253204345703,955.1829223632812,-119.12023387,22178,1320,12.59,1,20301,22077,0.0003,116.39091491699219,0.15328657627105713
0.5043776035308838,267.13226318359375,-119.23517255000003,22217,1324,12.61,1,20343,22116,0.0003,104.20269012451172,-0.07039608061313629
0.5020219683647156,179.3812713623047,-119.69131155,22263,1328,12.64,1,20392,22162,0.0003,99.93901062011719,0.1998680830001831
0.5011489987373352,239.47059631347656,-114.51142226,22299,1332,12.17,1,20432,22198,0.0003,110.27062225341797,0.02289542183279991
0.49885520339012146,220.35562133789062,-113.01981321,22347,1336,12.01,1,20483,22246,0.0003,118.44606018066406,-0.16183814406394958
0.4994611442089081,972.2500610351562,-110.83150878000001,22382,1340,11.86,1,20521,22281,0.0003,110.02528381347656,-0.01568150706589222
0.5011014342308044,252.42538452148438,-111.29326551999999,22429,1344,11.9,1,20572,22328,0.0003,107.39096069335938,-0.26035767793655396
0.4993176758289337,164.295654296875,-109.53092105,22473,1348,11.65,1,20619,22372,0.0003,111.83229064941406,-0.03345300257205963
0.4989221692085266,166.43690490722656,-108.57492041999998,22523,1352,11.74,1,20673,22422,0.0003,115.5704116821289,0.053775060921907425
0.49821215867996216,189.4232635498047,-106.65092939999997,22572,1356,11.67,1,20725,22471,0.0003,107.9393539428711,-0.031182512640953064
0.4964401125907898,1985.2486572265625,-105.78554933000001,22604,1360,11.43,1,20761,22503,0.0003,102.77141571044922,-0.09707590937614441
0.4941558837890625,231.81411743164062,-103.97794040000002,22641,1364,11.27,1,20801,22540,0.0003,107.54173278808594,-0.03064175695180893
0.4929354786872864,253.26382446289062,-103.98943873000002,22693,1368,11.35,1,20856,22592,0.0003,104.7784194946289,-0.015150632709264755
0.49024006724357605,255.78878784179688,-105.34973054999999,22743,1372,11.55,1,20909,22642,0.0003,113.37783813476562,-0.10803248733282089
0.49043527245521545,259.9862976074219,-105.97599383999999,22785,1376,11.54,1,20956,22684,0.0003,97.72917175292969,0.1970057338476181
0.49362117052078247,218.40846252441406,-100.16114524000001,22833,1380,10.71,1,21008,22732,0.0003,106.31425476074219,0.35263946652412415
0.4954196810722351,1122.835693359375,-100.39231344000001,22875,1384,10.85,1,21054,22774,0.0003,105.20225524902344,0.003530401736497879
0.4964284300804138,230.42388916015625,-101.42679973000003,22921,1388,11.01,1,21102,22820,0.0003,107.93142700195312,-0.05986703187227249
0.4946073889732361,239.4761199951172,-102.36590675,22967,1392,11.09,1,21152,22866,0.0003,98.2506332397461,-0.14367449283599854
0.4937204420566559,234.01077270507812,-101.68305498000001,22996,1396,11.02,1,21183,22895,0.0003,103.98267364501953,-0.055498622357845306
0.4941451847553253,233.8271484375,-102.84432950999997,23047,1400,11.08,1,21237,22946,0.0003,104.0158920288086,0.16048027575016022
0.4939671456813812,269.6769104003906,-105.16688353999999,23107,1404,11.23,1,21301,23006,0.0003,114.96757507324219,0.04257094860076904
0.49426770210266113,318.01141357421875,-105.89781281999998,23144,1408,11.29,1,21340,23043,0.0003,107.57845306396484,0.11026462912559509
0.4949336051940918,280.5152587890625,-109.30388651999999,23222,1412,11.62,1,21421,23121,0.0003,108.80094146728516,-0.027368588373064995
0.4961795210838318,142.35592651367188,-110.57369930000003,23283,1416,11.76,1,21485,23182,0.0003,104.69013214111328,0.017408035695552826
0.4966750741004944,197.65081787109375,-106.70411126,23320,1420,11.42,1,21526,23219,0.0003,102.74067687988281,-0.03610209748148918
0.49906298518180847,301.740966796875,-109.51360424,23370,1424,11.53,1,21579,23269,0.0003,98.90290069580078,-0.04407771676778793
0.49922046065330505,1200.437744140625,-113.80310040999998,23447,1428,11.84,1,21661,23346,0.0003,101.40779876708984,0.06546737253665924
0.49757030606269836,202.46029663085938,-118.10437583000001,23518,1432,12.19,1,21735,23417,0.0003,101.77542877197266,-0.16878870129585266
0.4937257170677185,211.38140869140625,-117.36954697000002,23570,1436,12.23,1,21791,23469,0.0003,108.6871337890625,-0.07283703237771988
0.4952547550201416,191.80624389648438,-119.60501486,23639,1440,12.57,1,21864,23538,0.0003,106.3471450805664,0.04327912628650665
0.4925327003002167,1095.551025390625,-120.08608230999998,23693,1444,12.64,1,21921,23592,0.0003,105.97362518310547,-0.11031574755907059
0.4925675392150879,1219.644287109375,-118.22636958,23725,1448,12.52,1,21957,23624,0.0003,113.15164184570312,-0.10923261195421219
0.4900188148021698,271.4261474609375,-118.45734269,23771,1452,12.48,1,22006,23670,0.0003,109.09345245361328,-0.00864926166832447
0.4920634925365448,1058.416748046875,-120.00096001000001,23829,1456,12.57,1,22067,23728,0.0003,103.09713745117188,-0.17811936140060425
0.49079445004463196,209.2046356201172,-122.03935387,23878,1460,12.74,1,22119,23777,0.0003,107.42045593261719,0.34309834241867065
0.4925437867641449,198.345458984375,-121.81826108,23916,1464,12.75,1,22161,23815,0.0003,107.02603912353516,0.11442738026380539
0.494483083486557,214.72634887695312,-121.16290823,23956,1468,12.63,1,22206,23855,0.0003,107.3133316040039,-0.11099463701248169
0.4929482638835907,309.52923583984375,-121.87831296,24003,1472,12.6,1,22255,23902,0.0003,105.07373046875,0.21535737812519073
0.4955662488937378,246.36219787597656,-121.33098053000003,24049,1476,12.64,1,22307,23948,0.0003,100.4593734741211,0.030490761622786522
0.4939456284046173,232.30538940429688,-120.04385291,24088,1480,12.55,1,22348,23987,0.0003,100.80353546142578,0.05772039294242859
0.49443188309669495,276.0428466796875,-119.28569425000002,24126,1484,12.51,1,22391,24025,0.0003,115.18684387207031,-0.05540025234222412
0.49366191029548645,259.6472473144531,-120.02009226,24163,1488,12.42,1,22432,24062,0.0003,103.30946350097656,0.08631031960248947
0.49245166778564453,196.1820068359375,-118.88796426,24200,1492,12.33,1,22470,24099,0.0003,95.45442199707031,-0.09225841611623764
0.48972541093826294,1132.3271484375,-122.12790948000001,24259,1496,12.63,1,22534,24158,0.0003,106.5108413696289,-0.14071589708328247
0.4854756295681,1151.22119140625,-122.16624572999999,24314,1500,12.67,1,22592,24213,0.0003,109.80892181396484,0.03243507444858551
0.4845166504383087,240.67626953125,-128.92464611,24436,1504,13.29,1,22718,24335,0.0003,103.1798095703125,0.09055435657501221
0.485204815864563,280.93829345703125,-130.76767674,24477,1508,13.33,1,22761,24376,0.0003,100.46784973144531,-0.003895677626132965
0.4818776249885559,247.75930786132812,-127.94111874000001,24525,1512,13.03,1,22813,24424,0.0003,102.28668975830078,-0.0466390922665596
0.47928282618522644,283.60211181640625,-126.20807780999999,24560,1516,12.77,1,22851,24459,0.0003,105.95574951171875,-0.05971856042742729
0.4787735342979431,210.84791564941406,-127.52778051000001,24595,1520,12.75,1,22888,24494,0.0003,111.02320861816406,0.09274004399776459
0.47695809602737427,265.049072265625,-124.99901191,24632,1524,12.62,1,22929,24531,0.0003,111.28986358642578,-0.07291744649410248
0.47747427225112915,188.52786254882812,-120.89625746999998,24679,1528,12.32,1,22979,24578,0.0003,120.91323852539062,0.1477903127670288
0.47295716404914856,216.44244384765625,-149.67842896,25016,1532,14.98,1,23321,24915,0.0003,99.33413696289062,0.0397946871817112
0.47179511189460754,216.33316040039062,-149.94734191999999,25060,1536,14.9,1,23368,24959,0.0003,99.06246948242188,0.11812365800142288
0.46788090467453003,262.6764221191406,-150.84075371,25133,1540,14.94,1,23444,25032,0.0003,110.77104187011719,0.346494197845459
0.46944472193717957,181.1997528076172,-149.83039814999998,25181,1544,14.88,1,23495,25080,0.0003,96.99173736572266,0.01856198161840439
0.47085651755332947,285.23974609375,-151.27602657,25223,1548,14.98,1,23541,25122,0.0003,93.39368438720703,-0.18019185960292816
0.46877923607826233,348.4737548828125,-150.60910948999998,25260,1552,14.89,1,23582,25159,0.0003,90.98887634277344,-0.15163354575634003
0.4663785994052887,320.3760986328125,-149.87624376999997,25317,1556,14.88,1,23644,25216,0.0003,106.64892578125,0.05723192170262337
0.46596968173980713,1115.436279296875,-150.20454284,25369,1560,14.91,1,23698,25268,0.0003,104.87982177734375,-0.009098518639802933
0.4642789363861084,172.23892211914062,-150.86073291,25411,1564,14.95,1,23743,25310,0.0003,103.27523040771484,0.029334576800465584
0.4638861417770386,179.70751953125,-150.76644588,25455,1568,14.99,1,23791,25354,0.0003,101.03181457519531,-0.10872168838977814
0.463429719209671,274.5140380859375,-149.97760584,25503,1572,15.0,1,23844,25402,0.0003,112.73716735839844,0.030511723831295967
0.46258267760276794,254.31109619140625,-152.68196032,25567,1576,15.18,1,23910,25466,0.0003,108.31968688964844,-0.046156659722328186
0.4608592987060547,239.2120819091797,-154.16547647000002,25618,1580,15.3,1,23963,25517,0.0003,109.75914764404297,0.15263254940509796
0.46150538325309753,188.9475555419922,-155.90748158,25669,1584,15.43,1,24018,25568,0.0003,99.60846710205078,-0.05375219136476517
0.46219608187675476,1077.8162841796875,-155.06664227000002,25707,1588,15.44,1,24059,25606,0.0003,108.97420501708984,0.12022245675325394
0.46331724524497986,283.7600402832031,-156.97200067,25760,1592,15.6,1,24116,25659,0.0003,96.69728088378906,0.21614722907543182
0.4662746489048004,420.02972412109375,-156.14088822000002,25811,1596,15.52,1,24171,25710,0.0003,105.7166976928711,0.13614746928215027
0.4661431312561035,212.22955322265625,-155.90635633000002,25862,1600,15.48,1,24224,25761,0.0003,106.48139953613281,-0.028468195348978043
0.46262678503990173,237.18637084960938,-149.31451616,25919,1604,14.83,1,24284,25818,0.0003,100.52706146240234,0.009146206080913544
0.4604652225971222,188.80130004882812,-148.3265815,25967,1608,14.9,1,24337,25866,0.0003,100.81575775146484,-0.01089693047106266
0.46074962615966797,249.59751892089844,-150.20043946,26028,1612,15.03,1,24400,25927,0.0003,105.07884216308594,-0.12970449030399323
0.4622918665409088,222.56167602539062,-151.01896882,26076,1616,15.16,1,24451,25975,0.0003,107.5661849975586,-0.13524194061756134
0.46398574113845825,1056.338134765625,-154.1311791,26127,1620,15.32,1,24505,26026,0.0003,106.54414367675781,0.03444932773709297
0.46515578031539917,1041.656494140625,-155.05512117,26173,1624,15.41,1,24556,26072,0.0003,100.90044403076172,-0.08453290164470673
0.4655890166759491,189.71588134765625,-153.74723654000002,26211,1628,15.32,1,24596,26110,0.0003,107.45577239990234,0.07616962492465973
0.46540409326553345,269.6649169921875,-122.57921087000001,26267,1632,12.51,1,24656,26166,0.0003,98.88243865966797,-0.06480158865451813
0.4671004116535187,1238.59912109375,-123.20595944,26319,1636,12.59,1,24711,26218,0.0003,100.03887939453125,-0.0537264458835125
0.4679720997810364,269.73992919921875,-122.45616286,26376,1640,12.43,1,24771,26275,0.0003,95.74678039550781,0.09634952247142792
0.4670984745025635,274.7881774902344,-124.00223718,26423,1644,12.42,1,24821,26322,0.0003,104.2421646118164,0.029675671830773354
0.465964674949646,271.6985168457031,-123.84164765000001,26465,1648,12.42,1,24865,26364,0.0003,106.23616790771484,0.08855614066123962
0.4638693630695343,250.79946899414062,-124.59725384000001,26511,1652,12.51,1,24913,26410,0.0003,105.3265151977539,0.06708681583404541
0.4608810245990753,289.51910400390625,-129.33390733,26614,1656,12.97,1,25019,26513,0.0003,97.76258850097656,0.12306942045688629
0.4595892131328583,262.0179443359375,-130.43237406,26667,1660,12.98,1,25076,26566,0.0003,98.65227508544922,-0.05955544114112854
0.45822227001190186,228.06472778320312,-134.03230291,26738,1664,13.27,1,25150,26637,0.0003,105.27511596679688,-0.17894379794597626
0.4599169194698334,262.74468994140625,-134.22520587,26783,1668,13.28,1,25200,26682,0.0003,107.63770294189453,-0.15494202077388763
0.4592653512954712,220.46624755859375,-134.25927918000002,26832,1672,13.29,1,25252,26731,0.0003,105.3069839477539,0.19864453375339508
0.46029210090637207,238.74610900878906,-130.74361801,26867,1676,13.0,1,25291,26766,0.0003,104.77030181884766,-0.19404040277004242
0.45834410190582275,246.13668823242188,-131.15405176,26924,1680,13.06,1,25351,26823,0.0003,104.37896728515625,-0.20579281449317932
0.4561329782009125,263.4361267089844,-129.46603736999998,26963,1684,12.94,1,25392,26862,0.0003,106.82131958007812,0.0985463410615921
0.4569205343723297,281.76837158203125,-128.80462085,26989,1688,12.82,1,25420,26888,0.0003,109.04087829589844,-0.0764605775475502
0.4554236829280853,224.26089477539062,-126.9351211,27026,1692,12.66,1,25462,26925,0.0003,97.49443054199219,-0.025943908840417862
0.4550674855709076,166.84555053710938,-125.80176705,27066,1696,12.55,1,25503,26965,0.0003,107.28205108642578,-0.1842677891254425
0.45583778619766235,269.1339111328125,-126.05408757999997,27121,1700,12.59,1,25563,27020,0.0003,101.02334594726562,0.0006275037303566933
0.454827219247818,1208.71630859375,-124.11467599,27165,1704,12.46,1,25609,27064,0.0003,104.8816146850586,-0.016469936817884445
0.45700064301490784,230.99557495117188,-123.91053921000001,27209,1708,12.42,1,25656,27108,0.0003,109.37322235107422,-0.10341142117977142
0.4578391909599304,189.42556762695312,-120.70671116999998,27238,1712,12.1,1,25688,27137,0.0003,101.25114440917969,0.014779899269342422
0.4575713276863098,239.6136932373047,-121.20800214,27296,1716,12.2,1,25749,27195,0.0003,105.15074157714844,0.03668247163295746
0.4580768942832947,264.48846435546875,-117.48367341,27337,1720,12.1,1,25793,27236,0.0003,103.475830078125,0.08018158376216888
0.45773082971572876,281.9552917480469,-120.69184003000001,27432,1724,12.59,1,25892,27331,0.0003,102.40763092041016,-0.12972621619701385
0.4567439556121826,1156.10400390625,-121.17230008,27472,1728,12.61,1,25934,27371,0.0003,107.42779541015625,-0.1599951684474945
0.45748984813690186,280.53997802734375,-122.05600333000002,27539,1732,12.72,1,26004,27438,0.0003,104.42758178710938,-0.04618312045931816
0.46283575892448425,228.67559814453125,-124.60829034000002,27606,1736,12.87,1,26024,27505,0.0003,105.3172378540039,-0.11283506453037262
0.46145087480545044,1985.521728515625,-123.93409546,27656,1740,12.8,1,26036,27555,0.0003,115.04275512695312,0.11074846237897873
0.46423670649528503,185.24148559570312,-123.81645091,27728,1744,13.05,1,26052,27627,0.0003,104.65784454345703,-0.15238390862941742
0.4632987678050995,265.311279296875,-124.50017108000002,27777,1748,13.12,1,26064,27676,0.0003,101.75824737548828,0.036672234535217285
0.45942869782447815,181.5802001953125,-131.16343352,27876,1752,13.65,1,26086,27775,0.0003,107.10096740722656,-0.20968157052993774
0.45691099762916565,216.066162109375,-125.41496343,27920,1756,13.06,1,26096,27819,0.0003,103.97705078125,-0.12779945135116577
0.4576517939567566,1233.996826171875,-123.54437797,27972,1760,13.05,1,26109,27871,0.0003,102.58460998535156,-0.012896654196083546
0.4561862349510193,264.21234130859375,-144.57682969,28222,1764,14.84,1,26156,28121,0.0003,100.88482666015625,0.10861105471849442
0.45668649673461914,236.67303466796875,-145.58887551,28273,1768,14.9,1,26170,28172,0.0003,99.17567443847656,-0.014816814102232456
0.45794621109962463,298.95947265625,-144.93718311000003,28318,1772,14.86,1,26181,28217,0.0003,105.0580062866211,-0.15001949667930603
0.45795074105262756,207.26034545898438,-146.76792348,28366,1776,14.99,1,26193,28265,0.0003,104.82674407958984,0.06027362495660782
0.4563516676425934,278.7760009765625,-145.98743444,28413,1780,14.89,1,26205,28312,0.0003,101.92630004882812,0.06607717275619507
0.4569072723388672,210.1881866455078,-146.26424275000002,28450,1784,14.87,1,26215,28349,0.0003,116.46149444580078,-0.0004907031543552876
0.46089300513267517,251.75930786132812,-149.00153218,28509,1788,15.2,1,26229,28408,0.0003,101.69720458984375,-0.005198772065341473
0.4616090655326843,276.36102294921875,-152.43451228999996,28576,1792,15.5,1,26243,28475,0.0003,104.78046417236328,0.04580317810177803
0.46249300241470337,319.19305419921875,-154.20564899999997,28635,1796,15.69,1,26257,28534,0.0003,102.5146713256836,0.009866565465927124
0.46436184644699097,217.696533203125,-153.14432374,28681,1800,15.6,1,26269,28580,0.0003,107.9138412475586,0.12827031314373016
0.46701401472091675,1087.67822265625,-152.9260783,28727,1804,15.62,1,26281,28626,0.0003,109.9803695678711,-0.22985079884529114
0.4641099274158478,322.6481628417969,-155.21663562999998,28798,1808,15.89,1,26297,28697,0.0003,109.85205841064453,0.1387477070093155
0.4663621187210083,1120.27978515625,-158.12221972999998,28845,1812,16.07,1,26310,28744,0.0003,107.07263946533203,0.23554842174053192
0.46590203046798706,269.9642333984375,-158.96486839000002,28898,1816,16.02,1,26323,28797,0.0003,104.6683349609375,-0.11422915756702423
0.4608653783798218,216.7903289794922,-163.56318865,28989,1820,16.52,1,26342,28888,0.0003,102.29756164550781,-0.19553041458129883
0.45701995491981506,343.08209228515625,-160.60332831,29038,1824,16.06,1,26354,28937,0.0003,100.11454772949219,-0.043824419379234314
0.4552863836288452,329.17724609375,-161.21879429,29086,1828,16.14,1,26366,28985,0.0003,110.40740203857422,-0.009587016887962818
0.45515087246894836,229.14068603515625,-161.86687701,29143,1832,16.04,1,26382,29042,0.0003,104.83853912353516,0.19798867404460907
0.4537586271762848,329.68365478515625,-157.79709248999998,29181,1836,15.75,1,26393,29080,0.0003,107.70710754394531,-0.012660551816225052
0.4547916650772095,289.0467529296875,-161.21291184,29264,1840,16.08,1,26411,29163,0.0003,108.78860473632812,0.02777901664376259
0.45300981402397156,256.1229553222656,-160.75340321000002,29317,1844,15.89,1,26424,29216,0.0003,111.78759002685547,-0.1132468432188034
0.45154914259910583,338.8981018066406,-160.29588302000002,29355,1848,15.78,1,26436,29254,0.0003,109.85952758789062,0.06037953495979309
0.4490302503108978,259.79327392578125,-152.87247137999998,29392,1852,15.16,1,26448,29291,0.0003,115.56817626953125,-0.18237772583961487
0.44743362069129944,282.5397644042969,-153.38683824999998,29439,1856,15.19,1,26459,29338,0.0003,98.50933837890625,0.017212536185979843
0.4488223195075989,217.84027099609375,-154.90037124999998,29489,1860,15.17,1,26472,29388,0.0003,102.66454315185547,0.01464854460209608
0.4502609670162201,1062.1510009765625,-129.77388209,29538,1864,13.16,1,26485,29437,0.0003,112.08440399169922,0.050410717725753784
0.45233848690986633,236.870361328125,-128.28217893999997,29579,1868,13.06,1,26524,29478,0.0003,107.93743896484375,0.1724727749824524
0.4549524486064911,319.9056091308594,-127.17255363999999,29614,1872,12.96,1,26563,29513,0.0003,112.66057586669922,0.19958359003067017
0.4568423926830292,223.2061767578125,-127.38963728,29662,1876,12.96,1,26615,29561,0.0003,105.03633880615234,0.3211393356323242
0.45849886536598206,1181.62646484375,-127.06216745000002,29706,1880,12.93,1,26661,29605,0.0003,111.04234313964844,0.062409937381744385
0.46029266715049744,223.58328247070312,-129.50949520999998,29777,1884,13.27,1,26684,29676,0.0003,104.47386932373047,-0.016856979578733444
0.4606685936450958,253.0644989013672,-128.03744484,29820,1888,13.11,1,26694,29719,0.0003,104.51325225830078,-0.0445064976811409
0.4603990614414215,1134.8580322265625,-126.02001429,29869,1892,12.93,1,26725,29768,0.0003,102.31089782714844,0.132991224527359
0.46079736948013306,1091.8211669921875,-125.86477133999999,29932,1896,12.97,1,26792,29831,0.0003,105.25287628173828,0.09602105617523193
0.4605235159397125,328.3897705078125,-125.63702519,29975,1900,12.94,1,26838,29874,0.0003,104.26427459716797,0.12706340849399567
0.459768682718277,296.6162109375,-126.0341689,30025,1904,12.98,1,26891,29924,0.0003,102.17032623291016,-0.04325452446937561
0.45788106322288513,309.10357666015625,-127.97718463000001,30103,1908,13.05,1,26974,30002,0.0003,97.7165756225586,-0.015902865678071976
0.4602710008621216,264.4912109375,-125.62980247,30142,1912,12.97,1,27017,30041,0.0003,108.37060546875,0.031111307442188263
0.45941105484962463,241.67132568359375,-126.16549645,30202,1916,13.04,1,27080,30101,0.0003,104.65111541748047,-0.1456913948059082
0.45835861563682556,313.0250549316406,-123.27144188000003,30253,1920,12.64,1,27134,30152,0.0003,101.10345458984375,-0.165387362241745
0.4562477767467499,308.4818115234375,-122.29495487,30292,1924,12.54,1,27176,30191,0.0003,100.32681274414062,-0.08897925168275833
0.4572051167488098,268.7840881347656,-120.95388473000001,30327,1928,12.41,1,27216,30226,0.0003,102.76998901367188,-0.30607616901397705
0.45479708909988403,2069.18408203125,-118.80492969999999,30373,1932,12.3,1,27268,30272,0.0003,113.33409118652344,-0.009368288330733776
0.4550032317638397,271.93328857421875,-122.45471003,30433,1936,12.52,1,27333,30332,0.0003,107.1515121459961,-0.07858359813690186
0.45324376225471497,243.35891723632812,-117.32764793999999,30480,1940,12.16,1,27383,30379,0.0003,107.36641693115234,-0.2533436417579651
0.4541354477405548,276.0747375488281,-116.42142209999999,30524,1944,12.07,1,27429,30423,0.0003,99.73081970214844,0.2216908186674118
0.4547300636768341,255.61985778808594,-117.26826441000001,30565,1948,12.1,1,27474,30464,0.0003,102.39921569824219,0.016085144132375717
0.4582284688949585,256.26995849609375,-119.91273164999997,30620,1952,12.28,1,27534,30519,0.0003,102.73480224609375,-0.14993391931056976
0.45786359906196594,216.1649627685547,-119.68032931999997,30668,1956,12.29,1,27550,30567,0.0003,107.39378356933594,-0.0785055011510849
0.458229124546051,360.6845397949219,-118.33768934999998,30724,1960,12.35,1,27563,30623,0.0003,102.22227478027344,-0.04599234461784363
0.45553383231163025,970.5106811523438,-118.53212977999998,30764,1964,12.26,1,27593,30663,0.0003,99.91680145263672,-0.02408830262720585
0.4568112790584564,273.19879150390625,-118.08617079000001,30806,1968,12.27,1,27636,30705,0.0003,107.80148315429688,0.0943441390991211
0.4581664204597473,283.88970947265625,-118.23406509000002,30843,1972,12.29,1,27676,30742,0.0003,106.8610610961914,0.08858218044042587
0.45884931087493896,1125.27099609375,-117.85890606,30893,1976,12.31,1,27730,30792,0.0003,115.54823303222656,0.02784387208521366
0.45878151059150696,209.4744110107422,-118.13641418999998,30942,1980,12.36,1,27783,30841,0.0003,109.04022979736328,0.141998291015625
0.4607711434364319,273.2040710449219,-116.37655273,30987,1984,12.1,1,27831,30886,0.0003,114.72364807128906,-0.20089244842529297
0.4593578279018402,247.495361328125,-115.75578481999999,31027,1988,12.07,1,27876,30926,0.0003,105.69696044921875,0.06485506147146225
0.4587744176387787,263.89178466796875,-114.25114870000002,31054,1992,11.85,1,27905,30953,0.0003,106.01668548583984,0.22633111476898193
0.4608551561832428,244.57208251953125,-111.62531285000001,31086,1996,11.54,1,27940,30985,0.0003,106.12755584716797,-0.16800923645496368
0.46026870608329773,278.7604675292969,-116.08707044000002,31156,2000,11.81,1,28014,31055,0.0003,108.5654296875,-0.03408617898821831
0.458697646856308,211.6381378173828,-118.95144873,31216,2004,11.91,1,28077,31115,0.0003,96.32843017578125,-0.001682877540588379
0.45597946643829346,252.62928771972656,-114.84465724999998,31262,2008,11.59,1,28126,31161,0.0003,106.90841674804688,0.2028367668390274
0.4524044096469879,1140.4044189453125,-116.0422953,31308,2012,11.66,1,28176,31207,0.0003,104.19037628173828,0.11207710951566696
0.45457103848457336,982.614501953125,-113.99732945,31350,2016,11.48,1,28221,31249,0.0003,100.58013153076172,0.1376916617155075
0.45517778396606445,258.69659423828125,-112.20887477000002,31388,2020,11.35,1,28262,31287,0.0003,108.00160217285156,0.13787125051021576
0.4543095529079437,241.3516387939453,-112.48856781,31429,2024,11.37,1,28305,31328,0.0003,104.98159790039062,-0.006979737430810928
0.45444899797439575,219.10818481445312,-114.68923889000001,31485,2028,11.58,1,28365,31384,0.0003,106.13792419433594,0.06433665007352829
0.4541310667991638,294.7918395996094,-114.71879398000002,31536,2032,11.63,1,28419,31435,0.0003,101.95030212402344,0.2085827887058258
0.4528905153274536,1206.779296875,-112.65739805000001,31583,2036,11.5,1,28470,31482,0.0003,106.1861572265625,0.09525470435619354
0.4529341459274292,259.24163818359375,-114.01748134000002,31629,2040,11.49,1,28519,31528,0.0003,110.28612518310547,-0.10523365437984467
0.44950398802757263,423.8623046875,-150.63735312000003,31964,2044,14.4,1,28856,31863,0.0003,105.39270782470703,-0.09048783779144287
0.4496442973613739,301.84869384765625,-158.28440376,32078,2048,15.13,1,28975,31977,0.0003,99.07533264160156,-0.032767295837402344
0.4496842920780182,411.90216064453125,-155.46324435,32119,2052,14.99,1,29019,32018,0.0003,100.61568450927734,0.03435207158327103
0.4462084472179413,245.94906616210938,-158.8911716,32207,2056,15.39,1,29111,32106,0.0003,108.58084106445312,0.11680694669485092
0.447990745306015,363.8986511230469,-157.78668235000004,32246,2060,15.22,1,29153,32145,0.0003,101.03501892089844,0.17808444797992706
0.44811350107192993,1113.7808837890625,-158.71585331999998,32286,2064,15.22,1,29195,32185,0.0003,98.93804168701172,0.04643797129392624
0.4491696357727051,945.7017822265625,-158.67683089,32323,2068,15.17,1,29235,32222,0.0003,98.32576751708984,-0.0272651556879282
0.4477209448814392,314.5699462890625,-159.65070546000004,32365,2072,15.22,1,29280,32264,0.0003,97.39787292480469,-0.02745082601904869
0.4443241059780121,335.1816101074219,-159.68207872,32416,2076,15.23,1,29334,32315,0.0003,108.38045501708984,-0.013137208297848701
0.44325578212738037,206.97718811035156,-159.02043921,32466,2080,15.24,1,29387,32365,0.0003,112.67212677001953,0.15474769473075867
0.44306784868240356,233.25621032714844,-158.55149754,32509,2084,15.22,1,29435,32408,0.0003,105.81520080566406,0.054573290050029755
0.4416738748550415,312.17071533203125,-158.48465653,32549,2088,15.22,1,29479,32448,0.0003,105.55805206298828,0.06944288313388824
0.4418741762638092,263.5934753417969,-160.41296420999998,32602,2092,15.48,1,29536,32501,0.0003,103.989013671875,0.33774465322494507
0.4447249174118042,230.51617431640625,-161.59939358999998,32643,2096,15.57,1,29580,32542,0.0003,97.13006591796875,-0.14448349177837372
0.4471307098865509,262.514404296875,-157.50800863,32689,2100,15.33,1,29628,32588,0.0003,102.55912780761719,0.08863385766744614
0.44424599409103394,1182.8182373046875,-155.93526747,32763,2104,15.47,1,29704,32662,0.0003,113.597900390625,0.0013039186596870422
0.4436034560203552,218.04946899414062,-155.50688964000003,32803,2108,15.41,1,29747,32702,0.0003,105.86455535888672,-0.10129985213279724
0.4435185492038727,431.75537109375,-156.02436780000002,32855,2112,15.47,1,29803,32754,0.0003,103.86714935302734,0.1967189908027649
0.44386276602745056,2008.259765625,-158.17481992,32924,2116,15.74,1,29874,32823,0.0003,103.41326904296875,-0.16441982984542847
0.44436684250831604,376.6610107421875,-159.11878094999997,32973,2120,15.85,1,29926,32872,0.0003,100.20313262939453,-0.012047205120325089
0.44396916031837463,274.1763916015625,-159.39763777999997,33010,2124,15.81,1,29966,32909,0.0003,102.2889404296875,0.056604791432619095
0.4435073435306549,261.75482177734375,-159.59110495,33061,2128,15.76,1,30022,32960,0.0003,102.02509307861328,0.003954220097512007
0.4429517388343811,271.85150146484375,-158.20550185,33096,2132,15.6,1,30059,32995,0.0003,109.1386947631836,-0.045310743153095245
0.4440965950489044,214.65621948242188,-155.46600873999998,33124,2136,15.41,1,30091,33023,0.0003,101.77086639404297,0.005008585751056671
0.4435490071773529,1184.1148681640625,-154.39784715999997,33164,2140,15.35,1,30136,33063,0.0003,109.94384002685547,-0.11218999326229095
0.44252926111221313,286.9337158203125,-118.85927326999999,33221,2144,12.57,1,30194,33120,0.0003,99.63722229003906,0.1478760838508606
0.4421376585960388,1202.72509765625,-110.73932588000001,33272,2148,11.94,1,30248,33171,0.0003,104.10552215576172,-0.0030337199568748474
0.441864013671875,255.41278076171875,-111.28355101999999,33326,2152,12.07,1,30307,33225,0.0003,103.30514526367188,0.04522963613271713
0.4431774914264679,230.14334106445312,-110.35468075,33388,2156,11.81,1,30374,33287,0.0003,95.57009887695312,0.012782901525497437
0.4394451081752777,281.09417724609375,-118.69633238,33495,2160,12.49,1,30485,33394,0.0003,104.23761749267578,0.21846109628677368
0.4400550425052643,268.7331237792969,-118.82096991,33535,2164,12.49,1,30529,33434,0.0003,115.04310607910156,0.07473516464233398
0.4395630657672882,256.328369140625,-118.18391700000002,33567,2168,12.44,1,30564,33466,0.0003,99.44721984863281,0.07597561180591583
0.4392699897289276,1202.7314453125,-116.49950002000001,33596,2172,12.31,1,30597,33495,0.0003,107.34154510498047,0.20966553688049316
0.4387032985687256,376.0477294921875,-115.44025180999999,33643,2176,12.27,1,30646,33542,0.0003,108.38019561767578,-0.3139764964580536
0.43797174096107483,311.47991943359375,-117.97818318999998,33710,2180,12.44,1,30717,33609,0.0003,102.71752166748047,-0.12713997066020966
0.4388478696346283,315.29241943359375,-118.88859890999998,33757,2184,12.48,1,30766,33656,0.0003,107.74539184570312,0.293117493391037
0.4426599144935608,359.038818359375,-119.85848882000002,33808,2188,12.59,1,30822,33707,0.0003,102.26701354980469,0.14131835103034973
0.4442332684993744,1151.34228515625,-119.57197408999998,33863,2192,12.61,1,30880,33762,0.0003,104.61559295654297,-0.010173145681619644
0.4421835243701935,213.97015380859375,-119.45921190000001,33905,2196,12.62,1,30926,33804,0.0003,110.30278778076172,-0.19852200150489807
0.4400746822357178,211.2123260498047,-118.88057188,33950,2200,12.61,1,30974,33849,0.0003,98.83314514160156,-0.09783569723367691
0.43967676162719727,247.58155822753906,-116.80625371000001,33992,2204,12.29,1,31020,33891,0.0003,109.34781646728516,-0.1140834167599678
0.44211527705192566,266.40228271484375,-120.82916405,34069,2208,12.66,1,31100,33968,0.0003,94.9598388671875,0.1617070734500885
0.44525328278541565,435.47198486328125,-121.49229,34125,2212,12.7,1,31159,34024,0.0003,110.1347427368164,-0.08499065786600113
0.44680508971214294,312.78179931640625,-120.30230119,34175,2216,12.51,1,31214,34074,0.0003,105.73536682128906,0.05701624974608421
0.44516587257385254,226.0069122314453,-121.31471864,34219,2220,12.46,1,31260,34118,0.0003,109.43199157714844,0.18435634672641754
0.445019006729126,186.58468627929688,-122.16482622000001,34270,2224,12.6,1,31315,34169,0.0003,100.60122680664062,-0.12604844570159912
0.44241321086883545,397.184326171875,-119.82663236,34305,2228,12.44,1,31355,34204,0.0003,103.34437561035156,0.1152014210820198
0.4392397999763489,325.09796142578125,-120.78708673000003,34347,2232,12.51,1,31402,34246,0.0003,104.12091827392578,-0.09185631573200226
0.439607173204422,462.84967041015625,-124.31484742999999,34404,2236,12.8,1,31462,34303,0.0003,97.91460418701172,0.04916830360889435
0.4395580589771271,248.27468872070312,-125.70010993,34459,2240,12.95,1,31520,34358,0.0003,108.86366271972656,-0.08608773350715637
0.43875640630722046,315.19317626953125,-124.97740372999999,34504,2244,12.83,1,31569,34403,0.0003,105.00927734375,0.014905301854014397
0.4383322596549988,204.80441284179688,-123.74962595,34542,2248,12.7,1,31608,34441,0.0003,103.57267761230469,0.06056205555796623
0.4402239918708801,251.32260131835938,-123.56303024,34581,2252,12.55,1,31651,34480,0.0003,115.42109680175781,-0.040598828345537186
0.4397643506526947,248.40823364257812,-119.87096625999999,34609,2256,12.21,1,31682,34508,0.0003,106.47467041015625,-0.012967173010110855
0.4401557445526123,283.7484130859375,-112.62101830999998,34655,2260,11.6,1,31732,34554,0.0003,109.67139434814453,0.009770005941390991
0.4410863518714905,248.99627685546875,-111.48591363999998,34697,2264,11.62,1,31777,34596,0.0003,101.96784973144531,0.2550709545612335
0.44173598289489746,281.8583068847656,-112.01700989,34733,2268,11.66,1,31817,34632,0.0003,98.60116577148438,0.20171117782592773
0.4438103139400482,333.85150146484375,-113.00722166,34761,2272,11.65,1,31846,34660,0.0003,102.5765380859375,-0.02642735466361046
0.4505082368850708,308.12451171875,-119.6751469,34856,2276,12.13,1,31866,34755,0.0003,107.72048950195312,0.10141471773386002
0.45309683680534363,298.48712158203125,-119.34782762000003,34919,2280,12.09,1,31881,34818,0.0003,105.39835357666016,-0.03034309297800064
0.4558609127998352,238.2971954345703,-121.10543046999999,34989,2284,12.32,1,31896,34888,0.0003,110.19171905517578,-0.04293175786733627
0.4555831253528595,288.6087646484375,-123.57653482999999,35052,2288,12.44,1,31911,34951,0.0003,108.18661499023438,0.033823322504758835
0.45723292231559753,283.01123046875,-121.70504005000001,35088,2292,12.25,1,31921,34987,0.0003,104.91600799560547,0.18374112248420715
0.4545195698738098,262.78350830078125,-152.94011053,35415,2296,15.1,1,31981,35314,0.0003,103.28515625,0.1413387656211853
0.4544579088687897,299.09088134765625,-154.70905585,35471,2300,15.21,1,31995,35370,0.0003,114.95854949951172,0.010479448363184929
0.4546404480934143,366.5008850097656,-154.43327093,35507,2304,15.15,1,32005,35406,0.0003,103.75786590576172,-0.07807944715023041
0.45184969902038574,389.5123291015625,-151.25345283000001,35555,2308,14.86,1,32018,35454,0.0003,110.64904022216797,-0.2350544035434723
0.4508122205734253,313.24847412109375,-158.03942533000003,35680,2312,15.55,1,32044,35579,0.0003,99.56831359863281,-0.27163708209991455
0.4485704004764557,233.29421997070312,-156.98401779999998,35729,2316,15.54,1,32056,35628,0.0003,103.95976257324219,0.10265401005744934
0.4466240406036377,284.24591064453125,-155.13979851,35766,2320,15.47,1,32066,35665,0.0003,109.71266174316406,-0.019663631916046143
0.44589242339134216,335.0589904785156,-153.24609002,35803,2324,15.33,1,32076,35702,0.0003,108.17984771728516,0.35039323568344116
0.44630491733551025,216.27053833007812,-154.44338790999998,35848,2328,15.43,1,32087,35747,0.0003,104.09934997558594,-0.12576113641262054
0.4453904926776886,272.9864501953125,-152.89114920000003,35878,2332,15.31,1,32096,35777,0.0003,105.21671295166016,0.029230572283267975
0.44736841320991516,1284.769775390625,-152.30593505000002,35936,2336,15.32,1,32109,35835,0.0003,108.62643432617188,0.13063591718673706
0.44734546542167664,238.64883422851562,-151.53139453999998,35983,2340,15.24,1,32121,35882,0.0003,109.90348815917969,0.10405686497688293
0.44734516739845276,308.94189453125,-151.47343740999997,36034,2344,15.3,1,32133,35933,0.0003,98.52195739746094,-0.04980115965008736
0.4476214051246643,285.18084716796875,-151.10306866999997,36069,2348,15.27,1,32143,35968,0.0003,108.09392547607422,-0.04683040827512741
0.44558262825012207,321.54888916015625,-154.53494288000002,36130,2352,15.49,1,32158,36029,0.0003,95.07562255859375,-0.17625278234481812
0.4451487958431244,240.97750854492188,-153.64840378999997,36157,2356,15.48,1,32167,36056,0.0003,107.15604400634766,0.029313957318663597
0.44496139883995056,403.5021667480469,-152.33004488999998,36193,2360,15.38,1,32178,36092,0.0003,115.63040924072266,0.08165814727544785
0.44469118118286133,393.8446044921875,-152.88022975,36233,2364,15.36,1,32189,36132,0.0003,106.5738296508789,0.13581986725330353
0.4458675682544708,326.4903564453125,-155.09451376000004,36290,2368,15.57,1,32203,36189,0.0003,103.09525299072266,-0.024431336671113968
0.44576576352119446,313.7181396484375,-156.4091133,36345,2372,15.84,1,32219,36244,0.0003,102.85257720947266,-0.06604466587305069
0.4427460730075836,264.86773681640625,-149.05511436,36384,2376,15.28,1,32229,36283,0.0003,109.83415222167969,0.011908572167158127
0.44227296113967896,279.65789794921875,-146.08084997999998,36411,2380,14.92,1,32242,36310,0.0003,105.80619812011719,0.11821319162845612
0.44246289134025574,277.41748046875,-144.34130211,36453,2384,14.64,1,32255,36352,0.0003,100.07776641845703,-0.06643062084913254
0.44464585185050964,301.54644775390625,-142.30566825,36504,2388,14.52,1,32268,36403,0.0003,97.30790710449219,-0.0198838971555233
0.4428984522819519,261.89959716796875,-144.07942950999998,36552,2392,14.64,1,32280,36451,0.0003,103.68754577636719,0.13909226655960083
0.44433754682540894,277.10772705078125,-112.71558157,36590,2396,11.75,1,32291,36489,0.0003,104.68869018554688,-0.02923787757754326
0.4442139267921448,254.4307861328125,-112.91064276000003,36649,2400,11.78,1,32305,36548,0.0003,105.00404357910156,-0.042293064296245575
0.4425380527973175,1148.719482421875,-114.64465648,36700,2404,11.93,1,32318,36599,0.0003,111.1850814819336,-0.03447695076465607
0.4433647394180298,271.16864013671875,-114.79039336999999,36749,2408,11.94,1,32333,36648,0.0003,109.86711120605469,0.08808527886867523
0.44486376643180847,319.31256103515625,-106.52870186000001,36792,2412,11.12,1,32346,36691,0.0003,116.75949096679688,-0.058260880410671234
0.4457436203956604,277.4688720703125,-105.66937844999998,36832,2416,11.03,1,32357,36731,0.0003,103.75445556640625,0.09164498746395111
0.44678163528442383,265.00115966796875,-104.87127180000002,36863,2420,10.97,1,32366,36762,0.0003,111.03895568847656,0.0025296248495578766
0.4441414177417755,239.15475463867188,-107.15479157000001,36912,2424,11.09,1,32378,36811,0.0003,110.73190307617188,-0.07925878465175629
0.4424043893814087,276.711669921875,-109.75684193000001,36975,2428,11.27,1,32392,36874,0.0003,115.18363952636719,0.08179213851690292
0.4454209506511688,1269.156005859375,-113.32340963,37028,2432,11.5,1,32405,36927,0.0003,108.91060638427734,0.2452509105205536
0.44866031408309937,1144.38134765625,-113.02172836,37078,2436,11.42,1,32419,36977,0.0003,114.43915557861328,0.06098901480436325
0.45002108812332153,210.2804718017578,-111.60789185000002,37111,2440,11.28,1,32428,37010,0.0003,109.31863403320312,-0.024355001747608185
0.45006322860717773,433.24639892578125,-111.92836295000002,37158,2444,11.24,1,32439,37057,0.0003,110.48346710205078,0.37538743019104004
0.45308583974838257,207.76327514648438,-112.03907829000002,37194,2448,11.25,1,32449,37093,0.0003,107.79707336425781,0.00924019142985344
0.45342087745666504,361.31085205078125,-108.79375703999999,37233,2452,11.03,1,32459,37132,0.0003,106.26625061035156,0.2506372034549713
0.4543311595916748,413.0862731933594,-112.11438233999999,37295,2456,11.38,1,32474,37194,0.0003,108.80511474609375,-0.037120088934898376
0.45581161975860596,294.4543762207031,-113.68440083000002,37335,2460,11.42,1,32484,37234,0.0003,107.75509643554688,0.0742177739739418
0.45445042848587036,320.620361328125,-113.38239707000002,37376,2464,11.43,1,32496,37275,0.0003,96.4906005859375,-0.24406996369361877
0.45194271206855774,360.4656982421875,-114.46280565,37443,2468,11.53,1,32514,37342,0.0003,107.39324188232422,0.002569485455751419
0.4501195549964905,299.6961669921875,-114.55149124999998,37498,2472,11.53,1,32527,37397,0.0003,109.42945861816406,0.0014892220497131348
0.4512373208999634,309.862548828125,-117.63740707,37562,2476,11.78,1,32542,37461,0.0003,101.6389389038086,-0.09849076718091965
0.4519443213939667,257.9966735839844,-118.47947982999999,37606,2480,11.95,1,32553,37505,0.0003,103.65800476074219,0.035725124180316925
0.45264944434165955,184.46835327148438,-118.31392764000002,37652,2484,11.99,1,32568,37551,0.0003,106.39598083496094,0.005785997956991196
0.4515239894390106,273.49884033203125,-118.31446045000001,37700,2488,11.96,1,32580,37599,0.0003,101.05482482910156,-0.058934856206178665
0.45277175307273865,371.8893737792969,-116.19110256,37730,2492,11.78,1,32590,37629,0.0003,105.20857238769531,0.14254190027713776
0.455034464597702,273.3494873046875,-118.3942125,37794,2496,12.04,1,32604,37693,0.0003,107.27613830566406,0.17894509434700012
0.4551759958267212,234.90542602539062,-116.81435045999999,37838,2500,11.89,1,32618,37737,0.0003,104.31682586669922,-0.2702585756778717
0.45604565739631653,254.43191528320312,-117.30762098,37894,2504,11.94,1,32632,37793,0.0003,106.48177337646484,0.13101164996623993
0.4565981328487396,1202.695556640625,-117.83048692,37948,2508,11.99,1,32646,37847,0.0003,97.38990020751953,-0.07519177347421646
0.45536282658576965,256.9603576660156,-120.10604530999998,38005,2512,12.13,1,32660,37904,0.0003,108.7137680053711,0.02671409770846367
0.4530943036079407,229.9998779296875,-119.66164570999999,38044,2516,12.12,1,32671,37943,0.0003,95.77940368652344,-0.100089892745018
0.4535824954509735,275.02349853515625,-120.17570855,38087,2520,12.24,1,32684,37986,0.0003,110.79749298095703,0.04028438404202461
0.4538511037826538,311.92529296875,-121.41364992000001,38154,2524,12.42,1,32701,38053,0.0003,97.89249420166016,0.12785887718200684
0.4543062746524811,242.14157104492188,-119.31597101000001,38204,2528,12.29,1,32714,38103,0.0003,103.99067687988281,0.19929029047489166
0.45482131838798523,1110.306396484375,-117.53077173999998,38241,2532,12.13,1,32724,38140,0.0003,107.50979614257812,0.05348712205886841
0.4529449939727783,240.05157470703125,-119.18585524,38306,2536,12.28,1,32739,38205,0.0003,110.4670639038086,-0.09356141835451126
0.4513598680496216,337.9410400390625,-120.65687980999999,38355,2540,12.44,1,32753,38254,0.0003,109.02363586425781,0.0518428310751915
0.4524807035923004,381.9678955078125,-120.62604257999999,38396,2544,12.38,1,32765,38295,0.0003,103.90685272216797,-0.07969311624765396
0.45416000485420227,297.5576477050781,-120.35683273999999,38432,2548,12.38,1,32776,38331,0.0003,113.7343978881836,-0.04270433634519577
0.45756909251213074,377.10955810546875,-121.14955037,38484,2552,12.51,1,32791,38383,0.0003,112.47850036621094,0.29328253865242004
0.45757144689559937,247.1859130859375,-119.64885560000002,38529,2556,12.34,1,32802,38428,0.0003,100.15859985351562,0.041849713772535324
0.45546430349349976,315.4453125,-118.92020642,38561,2560,12.26,1,32811,38460,0.0003,108.3653564453125,-0.12267062067985535
0.4511722922325134,194.72396850585938,-123.61951572999999,38651,2564,12.75,1,32830,38550,0.0003,104.41718292236328,-0.0034131892025470734
0.45101606845855713,1203.0540771484375,-120.98523895999998,38693,2568,12.5,1,32841,38592,0.0003,98.34369659423828,0.06217138469219208
0.45336827635765076,358.01055908203125,-122.07436545,38755,2572,12.57,1,32855,38654,0.0003,102.27967071533203,-0.07650192826986313
0.4550757110118866,302.4344482421875,-120.17110733999999,38806,2576,12.44,1,32868,38705,0.0003,95.86775207519531,-0.13746827840805054
0.4515465497970581,265.4645080566406,-122.00560304999998,38884,2580,12.78,1,32885,38783,0.0003,107.00105285644531,0.0018041189759969711
0.4517476558685303,1290.5670166015625,-121.3459939,38924,2584,12.72,1,32895,38823,0.0003,104.10118865966797,-0.06439542770385742
0.44963735342025757,2181.77294921875,-121.92479158000002,38983,2588,12.83,1,32911,38882,0.0003,107.68375396728516,0.07681944966316223
0.4503382444381714,200.92221069335938,-124.25147427000002,39037,2592,13.07,1,32925,38936,0.0003,109.6702880859375,0.09002599865198135
0.44707590341567993,236.16726684570312,-124.20955479,39108,2596,13.14,1,32941,39007,0.0003,102.61296844482422,0.1399855762720108
0.44708502292633057,281.894287109375,-126.42023214999999,39172,2600,13.34,1,32958,39071,0.0003,103.13652801513672,-0.029531868174672127
0.4473051130771637,294.89361572265625,-126.82269762,39222,2604,13.28,1,32970,39121,0.0003,102.9837417602539,-0.14049234986305237
0.44436001777648926,308.153076171875,-129.32398555,39289,2608,13.41,1,32986,39188,0.0003,106.95867156982422,0.18030810356140137
0.44716161489486694,279.681884765625,-127.84823912,39338,2612,13.33,1,32998,39237,0.0003,101.23542785644531,0.18806171417236328
0.45020920038223267,273.1756591796875,-133.86874020000002,39465,2616,14.21,1,33024,39364,0.0003,112.16493225097656,-0.13000594079494476
0.4493975043296814,257.2434387207031,-135.73858527,39515,2620,14.28,1,33036,39414,0.0003,103.35449981689453,-0.07366117835044861
0.4463574290275574,273.80767822265625,-151.48843477999998,39707,2624,15.53,1,33073,39606,0.0003,105.99039459228516,-0.05471058934926987
0.44828179478645325,227.416259765625,-152.81041303,39749,2628,15.45,1,33085,39648,0.0003,117.81260681152344,-0.12191835045814514
0.44751670956611633,423.7061462402344,-152.68185524000003,39783,2632,15.42,1,33095,39682,0.0003,103.9697494506836,0.019240790978074074
0.4452522397041321,262.3401184082031,-152.95353090999998,39845,2636,15.39,1,33109,39744,0.0003,109.01702880859375,-0.10151451081037521
0.44454821944236755,262.24359130859375,-153.48698646,39894,2640,15.39,1,33121,39793,0.0003,105.8021011352539,0.018204566091299057
0.4445878863334656,421.4945068359375,-153.48628784999997,39942,2644,15.46,1,33133,39841,0.0003,100.68488311767578,-0.04301445931196213
0.44431251287460327,219.41921997070312,-155.40614643,39995,2648,15.63,1,33146,39894,0.0003,103.38539123535156,0.039054013788700104
0.4461685121059418,282.44207763671875,-156.94909201000002,40053,2652,15.69,1,33160,39952,0.0003,105.62271118164062,0.11877889931201935
0.4486091732978821,368.87518310546875,-160.2773512,40118,2656,15.89,1,33174,40017,0.0003,102.76473236083984,0.08319863677024841
0.44968289136886597,1124.5341796875,-184.96342631,40457,2660,18.96,1,33237,40356,0.0003,113.56266784667969,0.11314616352319717
0.4499330520629883,295.3992919921875,-181.23222197999996,40494,2664,18.43,1,33248,40393,0.0003,104.25028228759766,-0.08914253115653992
0.4480164647102356,246.62551879882812,-183.5493125,40565,2668,18.72,1,33264,40464,0.0003,112.23600769042969,-0.02892526239156723
0.44598349928855896,310.8312683105469,-183.12959013,40629,2672,18.74,1,33279,40528,0.0003,108.66732788085938,0.010877113789319992
0.44638943672180176,228.2208251953125,-182.78480688999997,40676,2676,18.7,1,33291,40575,0.0003,109.93478393554688,-0.032730840146541595
0.44323286414146423,294.5804443359375,-186.52980507999996,40766,2680,18.82,1,33310,40665,0.0003,114.29745483398438,0.21803797781467438
0.44345584511756897,1403.0582275390625,-185.83665693,40801,2684,18.77,1,33320,40700,0.0003,111.44159698486328,-0.14473509788513184
0.44216468930244446,1207.3277587890625,-186.39163941000004,40852,2688,18.69,1,33334,40751,0.0003,104.3668212890625,0.06423911452293396
0.4486984312534332,311.67596435546875,-187.88667863000006,40920,2692,18.83,1,33350,40819,0.0003,113.95197296142578,0.18140728771686554
0.45132771134376526,348.54351806640625,-187.35770981000005,40976,2696,18.68,1,33364,40875,0.0003,107.1705093383789,-0.14124895632266998
0.4474778175354004,1131.67236328125,-184.94834788,41018,2700,18.46,1,33375,40917,0.0003,112.50797271728516,0.17280739545822144
0.4462628960609436,355.80767822265625,-185.12035437000003,41078,2704,18.56,1,33389,40977,0.0003,101.27195739746094,-0.10915182530879974
0.442589670419693,268.14501953125,-183.69223484000003,41156,2708,18.67,1,33406,41055,0.0003,110.52184295654297,-0.05159565061330795
0.4412112832069397,320.51068115234375,-184.70254845999997,41215,2712,18.77,1,33419,41114,0.0003,111.96470642089844,-0.008302770555019379
0.44004392623901367,312.4659423828125,-179.55439434000004,41252,2716,17.87,1,33430,41151,0.0003,100.13275909423828,0.19827507436275482
0.4419371783733368,401.7364501953125,-178.95769723,41298,2720,17.83,1,33443,41197,0.0003,123.56797790527344,0.14822402596473694
0.44102370738983154,415.23248291015625,-160.55270258,41348,2724,16.41,1,33456,41247,0.0003,105.83365631103516,-0.06591460108757019
0.4389140009880066,1248.619873046875,-157.78690133,41385,2728,16.36,1,33466,41284,0.0003,107.57848358154297,-0.16084256768226624
0.4416075646877289,342.1246337890625,-161.95302518,41471,2732,16.88,1,33486,41370,0.0003,114.39134979248047,0.006614219397306442
0.4408838748931885,995.0023803710938,-160.8206131,41526,2736,16.81,1,33499,41425,0.0003,112.28217315673828,0.09267202764749527
0.441624253988266,284.5135498046875,-159.0357604,41559,2740,16.65,1,33508,41458,0.0003,110.73635864257812,-0.07302792370319366
0.44232404232025146,362.7025146484375,-157.49321352999996,41595,2744,16.53,1,33518,41494,0.0003,106.57868957519531,0.08876342326402664
0.4424210488796234,294.29315185546875,-155.28702184999997,41626,2748,16.31,1,33528,41525,0.0003,107.03763580322266,-0.024406295269727707
0.4386475086212158,277.47607421875,-154.8704332,41684,2752,16.31,1,33543,41583,0.0003,101.80188751220703,-0.017477158457040787
0.4372026026248932,1035.576904296875,-154.25695825,41742,2756,16.24,1,33563,41641,0.0003,103.92870330810547,-0.1845703125
0.4368070662021637,1135.380615234375,-130.76877968999997,41807,2760,13.5,1,33578,41706,0.0003,111.21705627441406,0.01619061455130577
0.44077402353286743,285.7076721191406,-134.74296558,41904,2764,14.1,1,33601,41803,0.0003,97.7838134765625,-0.09175552427768707
0.44062483310699463,1216.768798828125,-131.87701830999998,41942,2768,13.77,1,33611,41841,0.0003,97.91899871826172,0.10076182335615158
0.44026851654052734,1136.0665283203125,-131.73964327,41994,2772,13.65,1,33625,41893,0.0003,111.63859558105469,-0.0973849669098854
0.43876656889915466,1286.4970703125,-135.1723736,42072,2776,13.96,1,33644,41971,0.0003,106.57947540283203,0.10788170248270035
0.439583957195282,346.92938232421875,-131.63803575000003,42136,2780,13.7,1,33659,42035,0.0003,109.07231140136719,0.09212493151426315
0.4396876394748688,338.585693359375,-134.54133722,42200,2784,13.99,1,33674,42099,0.0003,110.49475860595703,-0.006897673010826111
