train/ent_coef_loss,train/learning_rate,train/ent_coef,time/episodes,time/total_timesteps,train/actor_loss,rollout/ep_len_mean,rollout/ep_rew_mean,train/n_updates,time/fps,train/critic_loss,time/time_elapsed
-0.7292265892028809,0.0003,0.8498789668083191,4,662,23.42776870727539,165.5,-1795.4123925,561,5,10.04079818725586,131
-1.5806692838668823,0.0003,0.6195831894874573,8,1862,64.01023864746094,232.75,-2261.2102345000003,1761,5,917.7816162109375,326
-1.9659336805343628,0.0003,0.45960289239883423,12,3062,101.68096160888672,255.16666666666666,-2558.5673888333336,2961,5,16.031923294067383,517
-1.7851792573928833,0.0003,0.39862060546875,16,3704,121.87208557128906,231.5,-2337.0569726249996,3603,5,955.6353149414062,652
-1.4489713907241821,0.0003,0.36682960391044617,20,4125,141.47079467773438,206.25,-2074.0518452999995,4024,5,962.9735107421875,747
-1.1915019750595093,0.0003,0.31675946712493896,24,5044,159.65078735351562,210.16666666666666,-2023.1055050833336,4943,5,1798.28076171875,943
-0.9471877813339233,0.0003,0.29109105467796326,28,6244,192.22659301757812,223.0,-2081.8578838928574,6143,5,905.7479248046875,1197
-0.22867387533187866,0.0003,0.2791907787322998,32,6885,196.8357391357422,215.15625,-1944.412244,6784,5,2648.806396484375,1338
0.24373263120651245,0.0003,0.2767173945903778,36,7246,202.62123107910156,201.27777777777777,-1794.676584888889,7145,5,950.3651123046875,1421
-0.3375658392906189,0.0003,0.27709680795669556,40,8059,223.53201293945312,201.475,-1794.1734529500002,7958,5,936.7391967773438,1592
0.06888946145772934,0.0003,0.276737779378891,44,8340,221.127685546875,189.54545454545453,-1658.8666981590911,8239,5,68.06951141357422,1655
-0.035399504005908966,0.0003,0.27997031807899475,48,8857,231.55081176757812,184.52083333333334,-1592.6855444583332,8756,5,68.11897277832031,1768
0.2919061779975891,0.0003,0.2907402217388153,52,9341,244.06570434570312,179.6346153846154,-1517.8743330576922,9240,4,955.1536254882812,1871
-0.28594067692756653,0.0003,0.2986498773097992,56,9715,233.6156463623047,173.48214285714286,-1453.428773607143,9614,4,1882.1156005859375,1950
-0.03374285250902176,0.0003,0.3106352686882019,60,10081,240.97726440429688,168.01666666666668,-1388.3475421666665,9980,4,77.53263854980469,2032
-0.11249665915966034,0.0003,0.3251056373119354,64,10860,241.7474365234375,169.6875,-1365.861147609375,10759,4,136.12493896484375,2199
0.10419625788927078,0.0003,0.3070954978466034,68,11246,245.10939025878906,165.38235294117646,-1305.6080204411762,11145,4,96.27615356445312,2294
0.11460928618907928,0.0003,0.30720531940460205,72,11285,247.58798217773438,156.73611111111111,-1236.2622395555557,11184,4,148.88308715820312,2309
-0.003143252804875374,0.0003,0.30756163597106934,76,11337,244.7584228515625,149.17105263157896,-1173.617441986842,11236,4,78.11993408203125,2324
0.08314791321754456,0.0003,0.31288647651672363,80,11675,253.6953125,145.9375,-1136.930937725,11574,4,179.7833251953125,2399
-0.36578312516212463,0.0003,0.31012606620788574,84,11805,248.74559020996094,140.53571428571428,-1089.9310409761904,11704,4,1993.283447265625,2430
0.18122339248657227,0.0003,0.3087368607521057,88,11851,254.1140899658203,134.67045454545453,-1042.0055521818183,11750,4,96.79535675048828,2443
-0.06035932898521423,0.0003,0.3102283477783203,92,12258,252.06793212890625,133.2391304347826,-1025.5025850000002,12157,4,1198.911376953125,2532
-0.25237923860549927,0.0003,0.31152600049972534,96,12356,256.6883239746094,128.70833333333334,-988.3352901145832,12255,4,170.51748657226562,2558
0.2811009883880615,0.0003,0.31583455204963684,100,12719,251.3780517578125,127.19,-967.7573870399999,12618,4,972.9464111328125,2643
0.10212180018424988,0.0003,0.32037869095802307,104,12821,249.16461181640625,121.59,-900.6924382300001,12720,4,193.32977294921875,2676
-0.10452553629875183,0.0003,0.32894688844680786,108,13150,258.9961242675781,112.88,-805.1051436799999,13049,4,1851.93310546875,2756
-0.08614084124565125,0.0003,0.3295407295227051,112,13198,255.57366943359375,101.36,-680.5482799399999,13097,4,226.1825408935547,2770
0.05347022786736488,0.0003,0.3269180357456207,116,13306,258.5068359375,96.02,-618.78074269,13205,4,2796.705078125,2797
0.30284300446510315,0.0003,0.3278149366378784,120,13458,253.54579162597656,93.33,-585.0525149899998,13357,4,1945.17236328125,2837
0.09903253614902496,0.0003,0.331883043050766,124,13619,259.4621276855469,85.75,-519.999446,13518,4,250.34149169921875,2876
0.431546688079834,0.0003,0.33843719959259033,128,13754,259.4161376953125,75.1,-427.0901977000001,13653,4,2021.185546875,2908
0.3146681487560272,0.0003,0.34316378831863403,132,13822,248.77914428710938,69.37,-391.75597427,13721,4,646.9118041992188,2926
0.26096826791763306,0.0003,0.34846076369285583,136,13888,245.888916015625,66.42,-370.65050483000005,13787,4,1057.50390625,2944
0.06679876893758774,0.0003,0.3491668701171875,140,14169,257.0484619140625,61.1,-309.21888770999993,14068,4,1165.5927734375,3011
0.03105316311120987,0.0003,0.36549702286720276,144,14329,247.69305419921875,59.89,-302.21633048,14228,4,1178.8525390625,3059
-0.03325884789228439,0.0003,0.37182459235191345,148,14374,241.50790405273438,55.17,-269.23776210000005,14273,4,195.59010314941406,3083
0.039554983377456665,0.0003,0.3734825551509857,152,14403,260.5946044921875,50.62,-245.20514239999997,14302,4,1952.0611572265625,3097
-0.1575007438659668,0.0003,0.3812800347805023,156,14465,250.912841796875,47.5,-222.72537631,14364,4,132.004150390625,3123
0.27774912118911743,0.0003,0.4109227955341339,160,14758,255.56488037109375,46.77,-218.71347681,14657,4,383.4005126953125,3200
0.3557797968387604,0.0003,0.4189002215862274,164,14828,232.990478515625,39.68,-181.13468238,14727,4,1039.95068359375,3221
0.03670256584882736,0.0003,0.42760518193244934,168,14938,239.64675903320312,36.92,-172.40871275,14837,4,1942.948974609375,3249
0.3982117176055908,0.0003,0.43015366792678833,172,15004,242.927490234375,37.19,-174.31665640999995,14903,4,1043.283203125,3267
0.1305038034915924,0.0003,0.4333631992340088,176,15037,242.12042236328125,37.0,-174.49503927,14936,4,168.13824462890625,3278
-0.057811856269836426,0.0003,0.4380316138267517,180,15104,250.7047119140625,34.29,-160.92941593,15003,4,4824.11328125,3296
0.12792132794857025,0.0003,0.44164225459098816,184,15142,239.77940368652344,33.37,-156.03567445,15041,4,399.9793395996094,3307
0.21722440421581268,0.0003,0.44741979241371155,188,15223,245.57386779785156,33.72,-157.31744758,15122,4,212.6920928955078,3328
0.2879403233528137,0.0003,0.49518224596977234,192,15583,220.24407958984375,33.25,-155.31910037,15482,4,3023.10595703125,3406
0.059931084513664246,0.0003,0.5147833228111267,196,15727,238.6384735107422,33.71,-157.08992085000003,15626,4,1111.264404296875,3440
0.144882470369339,0.0003,0.523176908493042,200,15818,219.72085571289062,30.99,-141.16700701000002,15717,4,1075.365966796875,3464
0.18175266683101654,0.0003,0.5277904272079468,204,15858,228.0287628173828,30.37,-137.69388104,15757,4,212.90603637695312,3476
0.1464245617389679,0.0003,0.5304800868034363,208,15883,215.7125701904297,27.33,-124.88007274999998,15782,4,197.8323211669922,3488
0.14872504770755768,0.0003,0.5333334803581238,212,15918,224.0271759033203,27.2,-124.53391172999996,15817,4,1073.54296875,3504
0.08523821830749512,0.0003,0.5375797748565674,216,15956,224.1728973388672,26.5,-121.28628834000001,15855,4,983.6466064453125,3520
0.28033894300460815,0.0003,0.544992983341217,220,16043,221.0699005126953,25.85,-117.44450521,15942,4,1044.2181396484375,3542
-0.014246045611798763,0.0003,0.5498984456062317,224,16079,212.7910919189453,24.6,-112.72204896,15978,4,1088.27197265625,3554
0.022155452519655228,0.0003,0.5591120719909668,228,16150,205.58544921875,23.96,-111.39319990999996,16049,4,214.45126342773438,3572
0.09956491738557816,0.0003,0.5641152858734131,232,16205,220.11297607421875,23.83,-109.58924970000002,16104,4,1964.7738037109375,3587
0.04357149079442024,0.0003,0.5707153677940369,236,16270,218.5982666015625,23.82,-110.21298184,16169,4,1094.041015625,3603
0.08474598079919815,0.0003,0.5823253393173218,240,16357,206.66156005859375,21.88,-102.88522920999998,16256,4,1029.4263916015625,3625
0.003180484287440777,0.0003,0.5906132459640503,244,16411,209.29049682617188,20.82,-99.67436214000001,16310,4,147.83425903320312,3639
0.03182089701294899,0.0003,0.595144510269165,248,16455,218.553955078125,20.81,-100.07445100000001,16354,4,2011.7728271484375,3652
-0.01778508722782135,0.0003,0.6021696925163269,252,16537,202.81350708007812,21.34,-102.43501451,16436,4,204.3939208984375,3672
0.03419070318341255,0.0003,0.6053475737571716,256,16586,212.39585876464844,21.21,-102.31126472,16485,4,245.65049743652344,3686
0.0663171112537384,0.0003,0.607650876045227,260,16606,205.82896423339844,18.48,-87.57449448,16505,4,262.74981689453125,3696
0.03082124888896942,0.0003,0.618412435054779,264,16693,201.42367553710938,18.65,-87.15386529999999,16592,4,153.94781494140625,3718
0.3279826045036316,0.0003,0.6215128898620605,268,16722,198.66122436523438,17.84,-83.07229791999998,16621,4,148.6624755859375,3727
0.01887727901339531,0.0003,0.6249275207519531,272,16769,204.6464385986328,17.65,-80.77117384999998,16668,4,163.66201782226562,3740
0.10317081212997437,0.0003,0.6274082064628601,276,16802,205.4365997314453,17.65,-79.80088296999999,16701,4,1051.669189453125,3750
-0.22366362810134888,0.0003,0.6376764178276062,280,16910,204.21498107910156,18.06,-80.83231303,16809,4,1026.939453125,3777
-0.03250978887081146,0.0003,0.6401757597923279,284,16936,205.31813049316406,17.94,-81.30623335000001,16835,4,142.58375549316406,3786
-0.02772296965122223,0.0003,0.6473125219345093,288,17029,196.45272827148438,18.06,-82.41831098,16928,4,498.35040283203125,3808
0.043677520006895065,0.0003,0.6514164209365845,292,17073,193.69357299804688,14.9,-59.45302021,16972,4,1079.632568359375,3823
0.03268430009484291,0.0003,0.6549092531204224,296,17121,196.60635375976562,13.94,-54.50497229999999,17020,4,205.99066162109375,3836
-0.06493891775608063,0.0003,0.6535712480545044,300,17174,183.5154571533203,13.56,-53.63508772,17073,4,391.37017822265625,3851
-0.015299136750400066,0.0003,0.6508592963218689,304,17200,197.29820251464844,13.42,-53.06390686,17099,4,502.03900146484375,3860
0.015677521005272865,0.0003,0.6515820622444153,308,17230,196.0107421875,13.47,-53.30472965,17129,4,282.44915771484375,3870
0.11602689325809479,0.0003,0.6494064331054688,312,17261,198.9065704345703,13.43,-52.965423949999995,17160,4,1114.302001953125,3881
0.006814904510974884,0.0003,0.654009222984314,316,17346,178.22256469726562,13.9,-54.51354952999999,17245,4,206.80462646484375,3901
0.07491565495729446,0.0003,0.6560717821121216,320,17380,183.63096618652344,13.37,-52.33504957999999,17279,4,942.8825073242188,3912
0.11398883163928986,0.0003,0.6581823229789734,324,17413,175.1376190185547,13.34,-52.73045388,17312,4,1104.266357421875,3923
-0.09717993438243866,0.0003,0.6600785851478577,328,17464,166.5348663330078,13.14,-51.47759576000001,17363,4,1061.7412109375,3936
0.028484396636486053,0.0003,0.6601312756538391,332,17496,173.37347412109375,12.91,-51.32743937000001,17395,4,986.4766235351562,3946
0.0838514044880867,0.0003,0.660559892654419,336,17536,178.2129364013672,12.66,-49.766164030000006,17435,4,1096.3966064453125,3960
0.029730509966611862,0.0003,0.661258339881897,340,17584,178.56141662597656,12.27,-48.56368949000001,17483,4,2879.869140625,3975
0.044267065823078156,0.0003,0.6611567735671997,344,17619,177.18154907226562,12.08,-47.72261592000001,17518,4,1019.8478393554688,3985
0.09691835194826126,0.0003,0.6604149341583252,348,17643,180.04061889648438,11.88,-47.66557389000001,17542,4,1157.397216796875,3994
-0.10879231244325638,0.0003,0.663119375705719,352,17674,169.34130859375,11.37,-45.603408130000005,17573,4,1182.888671875,4003
0.04037206619977951,0.0003,0.6662320494651794,356,17713,181.7433624267578,11.27,-45.81741729,17612,4,1827.53955078125,4015
-0.07426998764276505,0.0003,0.669933557510376,360,17741,166.68260192871094,11.35,-46.46037936,17640,4,160.6127166748047,4025
-0.051159586757421494,0.0003,0.6705384254455566,364,17809,158.18051147460938,11.16,-46.3575288,17708,4,148.80038452148438,4043
0.1304096281528473,0.0003,0.6739559769630432,368,17905,170.9630889892578,11.83,-49.004097529999996,17804,4,2861.720703125,4068
-0.05853281542658806,0.0003,0.6804952025413513,372,17956,168.20953369140625,11.87,-50.04828946000001,17855,4,236.35333251953125,4110
-0.020026635378599167,0.0003,0.6819931268692017,376,17988,166.64901733398438,11.86,-51.11703265000001,17887,4,158.99038696289062,4154
-0.04033030569553375,0.0003,0.6895734667778015,380,18142,164.46591186523438,12.32,-52.20750266000001,18041,4,200.6616668701172,4350
0.06879188865423203,0.0003,0.6893166303634644,384,18178,155.8321533203125,12.42,-51.85064684000001,18077,4,169.80792236328125,4399
-0.017760971561074257,0.0003,0.6834225654602051,388,18258,152.18211364746094,12.29,-52.32694301000001,18157,4,144.08184814453125,4503
0.07622549682855606,0.0003,0.6837552189826965,392,18301,168.0033416748047,12.28,-52.48547767,18200,4,148.21255493164062,4561
-0.10540302097797394,0.0003,0.6821917295455933,396,18362,153.84051513671875,12.41,-52.64558206000001,18261,3,202.59112548828125,4642
0.0016343910247087479,0.0003,0.6803355813026428,400,18398,156.5689239501953,12.24,-51.895180720000006,18297,3,145.72561645507812,4691
0.11454358696937561,0.0003,0.6784623265266418,404,18433,146.24227905273438,12.33,-52.70623266000001,18332,3,1133.1817626953125,4737
0.002033974975347519,0.0003,0.6789267659187317,408,18462,149.96615600585938,12.32,-52.937978969999996,18361,3,182.70071411132812,4779
0.06917043030261993,0.0003,0.6792084574699402,412,18495,148.8070068359375,12.34,-53.31338348,18394,3,1048.31689453125,4823
-0.013909533619880676,0.0003,0.6777591705322266,416,18538,143.681884765625,11.92,-52.03308247,18437,3,1047.322021484375,4880
-0.02227366343140602,0.0003,0.6752362251281738,420,18573,152.13548278808594,11.93,-52.254562639999996,18472,3,1897.39990234375,4929
-0.13093896210193634,0.0003,0.6725444793701172,424,18612,141.75453186035156,11.99,-52.22365074000001,18511,3,146.51805114746094,4984
-0.01766238920390606,0.0003,0.6709815859794617,428,18636,139.94956970214844,11.72,-50.9811676,18535,3,1023.4920654296875,5018
0.06494496762752533,0.0003,0.6694061756134033,432,18676,150.25286865234375,11.8,-51.441387510000006,18575,3,1044.705322265625,5073
0.0009927134960889816,0.0003,0.669093906879425,436,18709,147.7835693359375,11.73,-50.69501847000001,18608,3,1081.8756103515625,5118
0.01781315542757511,0.0003,0.669762909412384,440,18741,134.31614685058594,11.57,-50.102930719999975,18640,3,219.97703552246094,5162
-0.09631717205047607,0.0003,0.6722068190574646,444,18790,143.85084533691406,11.71,-50.611419099999985,18689,3,1075.885986328125,5226
0.007095258682966232,0.0003,0.6755895018577576,448,18830,140.17840576171875,11.87,-51.32803607000001,18729,3,121.38055419921875,5280
-0.05815805122256279,0.0003,0.6766057014465332,452,18850,146.18690490722656,11.76,-50.63611665000001,18749,3,1017.7398681640625,5306
0.013602219521999359,0.0003,0.6749555468559265,456,18891,132.57858276367188,11.78,-50.003370620000005,18790,3,1223.9058837890625,5360
0.11067473888397217,0.0003,0.6770138740539551,460,18919,141.52874755859375,11.78,-52.90977811999999,18818,3,145.40414428710938,5400
0.0019454844295978546,0.0003,0.679382860660553,464,18964,150.41488647460938,11.55,-51.842359210000005,18863,3,139.0111846923828,5461
-0.09817986190319061,0.0003,0.679815948009491,468,18999,145.16275024414062,10.94,-49.592440749999994,18898,3,225.58163452148438,5506
-0.07373881340026855,0.0003,0.6788823008537292,472,19033,138.09315490722656,10.77,-47.77618633,18932,3,1054.3355712890625,5552
0.16307109594345093,0.0003,0.6776924729347229,476,19089,140.3562469482422,11.01,-48.00321218999999,18988,3,121.29142761230469,5626
0.04232322424650192,0.0003,0.6791688799858093,480,19119,130.08258056640625,9.77,-42.84968885,19018,3,159.02976989746094,5668
0.061823125928640366,0.0003,0.6805521845817566,484,19144,125.02384185791016,9.66,-42.31469123000001,19043,3,106.47407531738281,5702
0.08911600708961487,0.0003,0.6818290948867798,488,19176,137.56471252441406,9.18,-39.13415288,19075,3,1130.57568359375,5747
0.13034014403820038,0.0003,0.6841427087783813,492,19195,126.22147369384766,8.94,-37.88579147,19094,3,182.3716583251953,5773
-0.0571184903383255,0.0003,0.6882480978965759,496,19255,136.45541381835938,8.93,-38.023688670000006,19154,3,292.46002197265625,5852
0.040156856179237366,0.0003,0.6872724294662476,500,19285,126.46078491210938,8.87,-37.47982492,19184,3,185.64358520507812,5893
0.07093903422355652,0.0003,0.688614547252655,504,19310,136.72532653808594,8.77,-36.79124606,19209,3,1048.841552734375,5928
-0.01801590994000435,0.0003,0.6902861595153809,508,19459,129.5162811279297,9.97,-41.98297538999999,19358,3,2089.2470703125,6119
0.012865489348769188,0.0003,0.689100980758667,512,19480,119.42079162597656,9.85,-41.31215280000001,19379,3,1979.923828125,6148
-0.06779983639717102,0.0003,0.6875561475753784,516,19505,128.42457580566406,9.67,-39.80063571,19404,3,114.726806640625,6184
-0.108970046043396,0.0003,0.6869460940361023,520,19527,110.25628662109375,9.54,-40.10025436,19426,3,156.16168212890625,6214
0.11564397811889648,0.0003,0.683229923248291,524,19559,127.87306213378906,9.47,-40.08052378,19458,3,1938.798828125,6258
0.010897696018218994,0.0003,0.6873723864555359,528,19646,124.88082885742188,10.1,-42.34165841,19545,3,148.94662475585938,6351
-0.09232765436172485,0.0003,0.6894436478614807,532,19687,109.69657135009766,10.11,-41.49446341,19586,3,1003.9273681640625,6394
0.006668556481599808,0.0003,0.6889161467552185,536,19713,122.06739807128906,10.04,-40.961139030000005,19612,3,1095.6533203125,6424
-0.0529283806681633,0.0003,0.6862207651138306,540,19769,120.45755767822266,10.28,-42.351347739999994,19668,3,120.28411865234375,6485
0.00047434400767087936,0.0003,0.6789942979812622,544,19854,114.756103515625,10.64,-44.4954152,19753,3,113.0345458984375,6574
0.025978505611419678,0.0003,0.6754006743431091,548,19895,109.33089447021484,10.65,-43.06395217,19794,3,131.57623291015625,6619
0.07689771801233292,0.0003,0.6726678013801575,552,19940,110.23812866210938,10.9,-44.61460021,19839,2,994.6063232421875,6669
0.01235206052660942,0.0003,0.6718190312385559,556,19984,103.64212036132812,10.93,-44.95210306999999,19883,2,1167.3387451171875,6717
0.13278760015964508,0.0003,0.6729490756988525,560,20038,109.2159652709961,11.19,-43.39165908,19937,2,1937.329345703125,6776
0.09635522961616516,0.0003,0.6753877401351929,564,20065,116.67984008789062,11.01,-42.16426599000001,19964,2,120.27337646484375,6806
-0.08831708133220673,0.0003,0.6721504926681519,568,20127,98.90424346923828,11.28,-43.75916392,20026,2,113.53239440917969,6871
-0.042402952909469604,0.0003,0.6719587445259094,572,20145,102.53764343261719,11.12,-43.094905149999995,20044,2,2037.1466064453125,6891
0.12860696017742157,0.0003,0.6702531576156616,576,20167,111.04100036621094,10.78,-41.286611539999996,20066,2,1045.09765625,6916
-0.04431646689772606,0.0003,0.6674185991287231,580,20203,110.44525909423828,10.84,-41.399202009999996,20102,2,124.00718688964844,6956
-0.07376620918512344,0.0003,0.6675634980201721,584,20244,108.32691192626953,11.0,-42.29018704,20143,2,133.0638885498047,7000
0.016910603269934654,0.0003,0.6663935780525208,588,20271,109.18976593017578,10.95,-42.04431946999999,20170,2,1075.8662109375,7031
0.10682778060436249,0.0003,0.664221465587616,592,20302,107.93582916259766,11.07,-42.5611917,20201,2,123.80064392089844,7064
0.026821449398994446,0.0003,0.6640414595603943,596,20322,106.75885772705078,10.67,-40.720762019999995,20221,2,131.6092071533203,7087
-0.08096294105052948,0.0003,0.6631637215614319,600,20356,107.91827392578125,10.71,-41.13275926,20255,2,164.45797729492188,7124
-0.03304973244667053,0.0003,0.6636568307876587,604,20392,98.8912124633789,10.82,-41.40238131,20291,2,112.04358673095703,7164
0.011742774397134781,0.0003,0.6638144254684448,608,20439,100.41993713378906,9.8,-36.97204876,20338,2,167.18838500976562,7214
-0.06933615356683731,0.0003,0.6610390543937683,612,20486,101.25051879882812,10.06,-37.61731137,20385,2,133.46253967285156,7264
-0.0058369324542582035,0.0003,0.6595327854156494,616,20518,95.24779510498047,10.13,-37.9039421,20417,2,1967.0584716796875,7299
-0.008048824965953827,0.0003,0.6607500910758972,620,20562,95.29005432128906,10.35,-38.12787572,20461,2,142.44607543945312,7347
-0.047128647565841675,0.0003,0.6619685888290405,624,20611,92.08004760742188,10.52,-38.746809139999996,20510,2,115.85175323486328,7399
0.157792866230011,0.0003,0.6602294445037842,628,20645,98.54107666015625,9.99,-37.05723244,20544,2,150.43048095703125,7437
-0.03520874306559563,0.0003,0.6620268225669861,632,20678,94.20305633544922,9.91,-36.41036648,20577,2,1902.003173828125,7475
-0.17839372158050537,0.0003,0.6600231528282166,636,20700,96.13922119140625,9.87,-36.42630096,20599,2,107.80870056152344,7498
-0.07558175921440125,0.0003,0.6451027989387512,640,20804,94.21211242675781,10.35,-37.69987685,20703,2,969.3482666015625,7606
-0.06311880052089691,0.0003,0.6357341408729553,644,20863,100.00713348388672,10.09,-36.47653717000001,20762,2,1906.5133056640625,7668
-0.10816781967878342,0.0003,0.6330922842025757,648,20888,97.13695526123047,9.93,-35.82752369,20787,2,103.01091766357422,7696
0.0029456596821546555,0.0003,0.628384530544281,652,20925,91.79360961914062,9.85,-34.944036180000005,20824,2,102.460205078125,7736
0.012876801192760468,0.0003,0.6220852136611938,656,20990,93.31295776367188,10.06,-36.03248067,20889,2,1073.224365234375,7804
-0.22014804184436798,0.0003,0.6212608218193054,660,21033,84.27943420410156,9.95,-35.20715223,20932,2,146.24948120117188,7850
0.044392943382263184,0.0003,0.6146175265312195,664,21095,94.15318298339844,10.3,-36.99016167,20994,2,122.82194519042969,7916
0.012864256277680397,0.0003,0.6130874156951904,668,21124,92.49893951416016,9.97,-34.90107054,21023,2,127.4248046875,7947
-0.09799539297819138,0.0003,0.6115216016769409,672,21164,86.39016723632812,10.19,-35.99785895,21063,2,1063.449951171875,7990
0.12462124973535538,0.0003,0.6075634956359863,676,21210,93.4354476928711,10.43,-38.23047095,21109,2,1047.662353515625,8039
0.048665665090084076,0.0003,0.6072768568992615,680,21250,80.232666015625,10.47,-38.25812689999999,21149,2,106.0087890625,8082
-0.026535870507359505,0.0003,0.6064069867134094,684,21272,84.67031860351562,10.28,-37.29050779000001,21171,2,127.50738525390625,8108
-0.13944117724895477,0.0003,0.6006412506103516,688,21324,75.35283660888672,10.53,-39.63221335,21223,2,1087.17626953125,8162
-0.050358597189188004,0.0003,0.5980393886566162,692,21341,87.5427474975586,10.39,-38.98116705,21240,2,922.93994140625,8182
-0.07255065441131592,0.0003,0.597234308719635,696,21376,78.36897277832031,10.54,-39.682178359999995,21275,2,147.74588012695312,8222
-0.041220828890800476,0.0003,0.5956226587295532,700,21443,81.07683563232422,10.87,-42.03370812,21342,2,106.07699584960938,8292
-0.12842723727226257,0.0003,0.5955142974853516,704,21498,81.28498077392578,11.06,-43.19845487,21397,2,126.96488189697266,8322
0.08579978346824646,0.0003,0.5928587913513184,708,21550,80.10873413085938,11.11,-44.597375549999995,21449,2,1923.781494140625,8334
-0.04319833219051361,0.0003,0.5908986330032349,712,21585,74.21031188964844,10.99,-44.663529079999996,21484,2,242.8060760498047,8342
-0.04837866127490997,0.0003,0.5834058523178101,716,21654,80.12574005126953,11.36,-46.97990963,21553,2,2783.47607421875,8356
0.1286071240901947,0.0003,0.5730685591697693,720,21756,80.96707153320312,11.94,-50.322196709999986,21655,2,83.29521179199219,8378
-0.14430052042007446,0.0003,0.5718933939933777,724,21804,68.92935180664062,11.93,-50.48973262999999,21703,2,1916.186767578125,8392
-0.14266125857830048,0.0003,0.5683689713478088,728,21852,75.4176025390625,12.07,-51.47955343999999,21751,2,91.55253601074219,8404
-0.12005847692489624,0.0003,0.5649858117103577,732,21922,78.48234558105469,12.44,-53.35281629,21821,2,2048.800048828125,8419
-0.05039996653795242,0.0003,0.5566525459289551,736,22001,73.38585662841797,13.01,-56.45297213,21900,2,1952.682373046875,8437
-0.09929764270782471,0.0003,0.5527036190032959,740,22038,82.00996398925781,12.34,-54.11863927000001,21937,2,79.33172607421875,8447
0.015310278162360191,0.0003,0.5475072860717773,744,22082,76.36894226074219,12.19,-53.151723800000006,21981,2,109.40234375,8459
-0.2111617773771286,0.0003,0.546360969543457,748,22120,71.51277160644531,12.32,-53.8480707,22019,2,83.013427734375,8470
-0.08899805694818497,0.0003,0.5405190587043762,752,22205,75.45872497558594,12.8,-55.80275409000001,22104,2,100.71382904052734,8488
-0.03871221840381622,0.0003,0.5316196084022522,756,22288,86.79203033447266,12.98,-56.53878648999999,22187,2,104.60438537597656,8506
0.0596107542514801,0.0003,0.5269362926483154,760,22330,80.63333892822266,12.97,-56.84678042,22229,2,82.6090087890625,8517
0.07058461010456085,0.0003,0.5239766240119934,764,22400,73.00664520263672,13.05,-57.478933039999994,22299,2,94.79049682617188,8534
0.03692194074392319,0.0003,0.5221544504165649,768,22423,76.56700897216797,12.99,-57.446618130000004,22322,2,73.28298950195312,8542
-0.09289237856864929,0.0003,0.5194419026374817,772,22461,75.84114837646484,12.97,-56.964203499999996,22360,2,106.57433319091797,8551
0.04348325356841087,0.0003,0.5111900568008423,776,22549,73.34847259521484,13.39,-57.44381963,22448,2,103.40214538574219,8568
0.001976238563656807,0.0003,0.5093809962272644,780,22595,69.34912109375,13.45,-57.70698877999999,22494,2,119.42375183105469,8580
-0.15209433436393738,0.0003,0.5055317878723145,784,22657,84.68126678466797,13.85,-59.78993261000001,22556,2,969.4385986328125,8594
0.05788946896791458,0.0003,0.5041707754135132,788,22713,73.41754913330078,13.89,-58.611884790000005,22612,2,77.33454895019531,8608
-0.027201689779758453,0.0003,0.5025414824485779,792,22759,80.33413696289062,14.18,-60.137483210000006,22658,2,91.247802734375,8620
-0.03349093347787857,0.0003,0.5008311867713928,796,22789,79.29619598388672,14.13,-59.91159624000001,22688,2,990.5984497070312,8631
0.21250322461128235,0.0003,0.4997831881046295,800,22839,78.17227935791016,13.96,-58.49425966000002,22738,2,137.0557861328125,8642
-0.18659400939941406,0.0003,0.4934619963169098,804,22929,75.55099487304688,14.31,-59.39992965000001,22828,2,123.4828872680664,8660
0.06340654194355011,0.0003,0.4892159104347229,808,22988,67.3780517578125,14.38,-58.55795881,22887,2,104.83592224121094,8673
-0.1189865693449974,0.0003,0.4867156147956848,812,23053,70.28083801269531,14.68,-59.78068384,22952,2,93.71917724609375,8687
0.00704149529337883,0.0003,0.473612904548645,816,23234,77.76940155029297,15.8,-62.19409439000001,23133,2,84.8155517578125,8718
-0.18277613818645477,0.0003,0.46896374225616455,820,23344,70.28034973144531,15.88,-60.75400735000001,23243,2,937.4534912109375,8740
0.02831396460533142,0.0003,0.4650062918663025,824,23401,70.61624908447266,15.97,-60.82869282000001,23300,2,65.44587707519531,8753
-0.09159296751022339,0.0003,0.46344417333602905,828,23439,64.04512786865234,15.87,-60.05215877,23338,2,77.97525024414062,8763
-0.17690923810005188,0.0003,0.4608052968978882,832,23495,56.050254821777344,15.73,-59.67394515,23394,2,63.592140197753906,8776
-0.052452996373176575,0.0003,0.4597751796245575,836,23540,70.21387481689453,15.39,-57.62488744,23439,2,91.39083099365234,8786
0.19104784727096558,0.0003,0.4584154486656189,840,23575,73.46710968017578,15.37,-57.45945007,23474,2,958.880859375,8795
0.08990319818258286,0.0003,0.4566212296485901,844,23644,63.54023742675781,15.62,-58.51468495,23543,2,74.7519760131836,8810
0.013793569058179855,0.0003,0.455326646566391,848,23730,65.71244049072266,16.1,-60.92479217,23629,2,87.50651550292969,8828
0.04749101772904396,0.0003,0.45631861686706543,852,23798,66.73796081542969,15.93,-61.48957563000002,23697,2,58.58548355102539,8844
0.08442911505699158,0.0003,0.4547211825847626,856,23945,57.352989196777344,16.57,-64.36357509,23844,2,982.30810546875,8870
0.13501505553722382,0.0003,0.45332619547843933,860,23992,65.62153625488281,16.62,-64.74405808,23891,2,1057.2164306640625,8883
-0.035834264010190964,0.0003,0.45260927081108093,864,24031,62.78219223022461,16.31,-63.165064980000004,23930,2,75.73384094238281,8893
0.05565742775797844,0.0003,0.45087721943855286,868,24104,65.71466064453125,16.81,-64.71469043,24003,2,61.28361511230469,8908
0.16089586913585663,0.0003,0.4490257203578949,872,24155,69.71006774902344,16.94,-65.54001027,24054,2,60.686767578125,8922
0.037689678370952606,0.0003,0.4469545781612396,876,24228,66.41433715820312,16.79,-65.06321745,24127,2,56.465721130371094,8938
0.010432535782456398,0.0003,0.44085970520973206,880,24289,66.89768981933594,16.94,-66.31496702,24188,2,59.35081100463867,8951
-0.04120561480522156,0.0003,0.4357348680496216,884,24357,63.71788787841797,17.0,-66.26481329,24256,2,54.391441345214844,8965
0.06436023861169815,0.0003,0.4303046762943268,888,24464,62.348350524902344,17.51,-68.49487861,24363,2,102.30104064941406,8986
-0.09548290073871613,0.0003,0.42498883605003357,892,24548,62.13867950439453,17.89,-69.78399786999998,24447,2,73.33966064453125,9004
0.12812857329845428,0.0003,0.4242759048938751,896,24583,68.0708236694336,17.94,-71.10408819,24482,2,69.62998962402344,9013
0.1316264420747757,0.0003,0.42194080352783203,900,24687,67.16027069091797,18.48,-73.39877667,24586,2,73.31456756591797,9034
-0.21521194279193878,0.0003,0.4188782572746277,904,24754,58.88938522338867,18.25,-73.02638886000001,24653,2,70.64930725097656,9049
-0.11317857354879379,0.0003,0.41652050614356995,908,24797,68.13720703125,18.09,-72.2249843,24696,2,1009.5248413085938,9061
-0.2089737057685852,0.0003,0.41068705916404724,912,24854,60.80649185180664,18.01,-72.32839167,24753,2,970.7028198242188,9074
-0.28563356399536133,0.0003,0.40493568778038025,916,24927,56.7994499206543,16.93,-69.87921338,24826,2,993.916259765625,9090
-0.198695570230484,0.0003,0.40081268548965454,920,24979,63.963321685791016,16.35,-67.44042181,24878,2,61.310184478759766,9106
-0.07653152197599411,0.0003,0.3951820433139801,924,25073,60.566280364990234,16.72,-68.33701263,24972,2,961.9068603515625,9124
0.26444026827812195,0.0003,0.3926520049571991,928,25116,55.63014221191406,16.77,-68.76171182,25015,2,45.289955139160156,9136
-0.19097575545310974,0.0003,0.39152514934539795,932,25174,55.96990966796875,16.79,-68.71396227,25073,2,54.464866638183594,9149
-0.12040549516677856,0.0003,0.38759249448776245,936,25229,64.69708251953125,16.89,-69.11175540999999,25128,2,70.93794250488281,9163
0.009245293214917183,0.0003,0.386046826839447,940,25345,56.48728561401367,17.7,-71.58273009000001,25244,2,49.87810516357422,9186
0.08808968216180801,0.0003,0.3855646848678589,944,25383,57.26873016357422,17.39,-70.6519648,25282,2,50.34288024902344,9196
-0.46520280838012695,0.0003,0.38512730598449707,948,25438,54.088924407958984,17.08,-69.35987562,25337,2,54.43573760986328,9210
0.32502448558807373,0.0003,0.3821285367012024,952,25536,66.53887939453125,17.38,-69.59872256999999,25435,2,988.2444458007812,9232
-0.06545323878526688,0.0003,0.3815939128398895,956,25561,60.7451286315918,16.16,-64.79249235999998,25460,2,946.3084716796875,9241
-0.27842333912849426,0.0003,0.3797256052494049,960,25620,62.01089859008789,16.28,-65.05853108000001,25519,2,65.216064453125,9256
0.31060555577278137,0.0003,0.3761693239212036,964,25685,62.606109619140625,16.54,-66.11399645,25584,2,944.6080932617188,9269
-0.3704414665699005,0.0003,0.37440505623817444,968,25803,53.86171340942383,16.99,-67.92920122,25702,2,63.7200813293457,9293
0.028732381761074066,0.0003,0.3729611039161682,972,25830,60.565303802490234,16.75,-66.86543258,25729,2,931.24658203125,9303
-0.1769113540649414,0.0003,0.3741123378276825,976,25911,61.25804138183594,16.83,-67.48941967,25810,2,71.9820556640625,9321
0.21999216079711914,0.0003,0.3733595311641693,980,25959,63.07047653198242,16.7,-66.66254272,25858,2,48.19056701660156,9333
0.06810129433870316,0.0003,0.37402403354644775,984,26000,58.688663482666016,16.43,-65.75632045,25899,2,974.450927734375,9343
0.20962655544281006,0.0003,0.37474679946899414,988,26045,55.768104553222656,15.81,-63.441716019999994,25944,2,91.20311737060547,9354
0.1568441540002823,0.0003,0.3749793767929077,992,26097,57.981571197509766,15.49,-62.51257219,25996,2,924.68310546875,9368
-0.06657510250806808,0.0003,0.37512364983558655,996,26187,61.07170867919922,16.04,-64.46492691,26086,2,52.11381149291992,9387
-0.33678698539733887,0.0003,0.37353450059890747,1000,26247,53.59060287475586,15.6,-62.65600205,26146,2,39.92778015136719,9401
-0.12815099954605103,0.0003,0.3719753921031952,1004,26308,52.74495315551758,15.54,-62.08383890999998,26207,2,37.12830352783203,9416
-0.010656561702489853,0.0003,0.36936134099960327,1008,26364,55.176666259765625,15.67,-63.100829140000016,26263,2,56.651649475097656,9429
0.07976183295249939,0.0003,0.3681448996067047,1012,26453,64.20774841308594,15.99,-64.45859574,26352,2,61.90777587890625,9448
-0.12469631433486938,0.0003,0.3676869571208954,1016,26483,62.39714050292969,15.56,-62.11262616999999,26382,2,54.6433219909668,9457
0.028832703828811646,0.0003,0.3636966049671173,1020,26565,55.83225631713867,15.86,-63.85558524999998,26464,2,920.5792236328125,9474
-0.015486987307667732,0.0003,0.3630349934101105,1024,26622,56.57514953613281,15.49,-63.390898250000006,26521,2,37.7092170715332,9486
-0.21866166591644287,0.0003,0.3626600205898285,1028,26749,57.27457809448242,16.33,-68.15182705,26648,2,40.517845153808594,9510
-0.3637927174568176,0.0003,0.3611663281917572,1032,26789,51.77486038208008,16.15,-67.15702111,26688,2,956.64208984375,9521
-0.029925286769866943,0.0003,0.36027616262435913,1036,26838,58.502750396728516,16.09,-67.19095324999999,26737,2,60.8641357421875,9536
-0.11209873855113983,0.0003,0.3589765429496765,1040,26877,56.10347366333008,15.32,-64.84860995999999,26776,2,995.896728515625,9549
-0.4311167299747467,0.0003,0.3565002381801605,1044,26920,56.89492416381836,15.37,-64.91440788999998,26819,2,76.45846557617188,9562
-0.07394964247941971,0.0003,0.35462498664855957,1048,26952,61.82664489746094,15.14,-63.47362601,26851,2,42.778404235839844,9573
0.12632516026496887,0.0003,0.35538506507873535,1052,27050,56.615211486816406,15.14,-63.29220138000001,26949,2,736.583984375,9593
-0.16225869953632355,0.0003,0.35654890537261963,1056,27143,52.96232986450195,15.82,-66.28320239999998,27042,2,37.78794860839844,9611
0.20018145442008972,0.0003,0.35574743151664734,1060,27164,62.88568878173828,15.44,-64.40899193,27063,2,66.62834167480469,9621
0.18130603432655334,0.0003,0.35492751002311707,1064,27204,57.21546936035156,15.19,-63.336596060000005,27103,2,82.26805877685547,9633
0.04667674005031586,0.0003,0.35487645864486694,1068,27244,58.414520263671875,14.41,-60.9154082,27143,2,50.27913284301758,9644
-0.32995134592056274,0.0003,0.3548995852470398,1072,27294,58.66648864746094,14.64,-62.02881111000001,27193,2,37.32998275756836,9657
-0.09347431361675262,0.0003,0.3540967106819153,1076,27333,61.23639678955078,14.22,-60.39297364999999,27232,2,48.272056579589844,9668
0.25981831550598145,0.0003,0.3533858060836792,1080,27384,56.571929931640625,14.25,-62.38172875999999,27283,2,46.443511962890625,9683
-0.02804473787546158,0.0003,0.35705816745758057,1084,27469,57.251564025878906,14.69,-63.59850990999999,27368,2,42.060691833496094,9702
0.13337017595767975,0.0003,0.355889230966568,1088,27505,52.83247375488281,14.6,-63.07556055999999,27404,2,66.373046875,9713
-0.15073734521865845,0.0003,0.3551771342754364,1092,27526,53.025230407714844,14.29,-61.35667839999999,27425,2,45.123104095458984,9721
0.15836535394191742,0.0003,0.35356396436691284,1096,27559,55.89672088623047,13.72,-58.08554994000001,27458,2,48.869022369384766,9732
-0.18146365880966187,0.0003,0.3533591330051422,1100,27596,49.3692512512207,13.49,-56.79138249,27495,2,48.329246520996094,9742
0.1498553454875946,0.0003,0.34918084740638733,1104,27638,59.66547393798828,13.3,-56.43690610999999,27537,2,1845.1904296875,9754
-0.04820883274078369,0.0003,0.3518708050251007,1108,27700,66.18000030517578,13.36,-57.77246092,27599,2,94.87808227539062,9770
0.14475028216838837,0.0003,0.3510640263557434,1112,27752,55.68346405029297,12.99,-56.30022785999999,27651,2,39.67784118652344,9783
0.025697611272335052,0.0003,0.3489220440387726,1116,27820,56.77578353881836,13.37,-58.22892325000001,27719,2,967.3997802734375,9798
-0.3129238188266754,0.0003,0.3480754494667053,1120,27850,56.67319107055664,12.85,-56.289865629999994,27749,2,1762.253662109375,9807
0.20765818655490875,0.0003,0.3430740535259247,1124,27954,57.65178298950195,13.32,-57.36590725999999,27853,2,53.04490661621094,9829
0.020363889634609222,0.0003,0.342447429895401,1128,27997,56.1168327331543,12.48,-52.404212660000006,27896,2,69.44248962402344,9842
0.3202005624771118,0.0003,0.34417495131492615,1132,28051,58.542030334472656,12.62,-53.30338219,27950,2,48.27836608886719,9856
0.03205009549856186,0.0003,0.3448339104652405,1136,28092,61.931495666503906,12.54,-53.26520256,27991,2,47.82676696777344,9870
0.13828139007091522,0.0003,0.34409579634666443,1140,28125,56.05460739135742,12.48,-53.169382840000004,28024,2,65.06845092773438,9880
0.2673390507698059,0.0003,0.3456956148147583,1144,28161,63.44504165649414,12.41,-52.820212950000005,28060,2,939.267578125,9892
-0.02701115980744362,0.0003,0.34662193059921265,1148,28215,51.31244659423828,12.63,-54.14210577,28114,2,34.09043884277344,9904
-0.036302730441093445,0.0003,0.3469470739364624,1152,28267,55.879634857177734,12.17,-52.88504347,28166,2,906.3950805664062,9917
0.12335532903671265,0.0003,0.3473263382911682,1156,28317,56.380340576171875,11.74,-49.97809701,28216,2,941.045166015625,9929
-0.19183354079723358,0.0003,0.34849217534065247,1160,28380,54.40931701660156,12.16,-51.498964320000006,28279,2,932.855712890625,9944
0.0689663365483284,0.0003,0.34736600518226624,1164,28439,53.72716522216797,12.35,-52.73856693,28338,2,52.135826110839844,9956
-0.2090609073638916,0.0003,0.3433693051338196,1168,28542,56.48660659790039,12.98,-55.06903745,28441,2,47.0782470703125,9979
0.2743840217590332,0.0003,0.3420332074165344,1172,28591,58.19518280029297,12.97,-54.8854154,28490,2,45.271514892578125,9992
0.0645221397280693,0.0003,0.3416774272918701,1176,28600,55.478790283203125,12.67,-53.171151569999985,28499,2,50.389400482177734,9997
0.05368299409747124,0.0003,0.34051141142845154,1180,28671,60.61204528808594,12.87,-52.59783065,28570,2,886.3392944335938,10013
0.1247687041759491,0.0003,0.33927446603775024,1184,28717,60.063053131103516,12.48,-52.57699611,28616,2,915.40283203125,10026
-0.18082711100578308,0.0003,0.3381843864917755,1188,28798,55.096412658691406,12.93,-54.14666913999999,28697,2,37.67356872558594,10045
-0.02028721384704113,0.0003,0.3375893235206604,1192,28855,53.647518157958984,13.29,-58.56919145,28754,2,37.41454315185547,10058
0.00907156616449356,0.0003,0.33635252714157104,1196,28885,54.13869857788086,13.26,-58.42490084000001,28784,2,43.18416976928711,10068
0.1930101066827774,0.0003,0.33221808075904846,1200,28965,57.231929779052734,13.69,-60.27536431000001,28864,2,82.07345581054688,10084
0.02323148027062416,0.0003,0.3314579427242279,1204,29001,54.224857330322266,13.63,-59.57352890999999,28900,2,56.75935745239258,10094
0.061316460371017456,0.0003,0.33078375458717346,1208,29039,55.11595153808594,13.39,-56.7768981,28938,2,872.63330078125,10104
0.099995456635952,0.0003,0.33117949962615967,1212,29064,59.91630554199219,13.12,-54.97966761000001,28963,2,964.365966796875,10113
0.0358099639415741,0.0003,0.3306322395801544,1216,29076,57.789058685302734,12.56,-52.20792534,28975,2,39.35835647583008,10119
0.1712670922279358,0.0003,0.3315705955028534,1220,29119,53.74457931518555,12.69,-52.54008337000002,29018,2,35.521636962890625,10129
0.0902661681175232,0.0003,0.33194980025291443,1224,29157,60.35975646972656,12.03,-50.4365086,29056,2,44.86641311645508,10139
0.20137111842632294,0.0003,0.3326074481010437,1228,29198,50.730342864990234,12.01,-50.534687999999996,29097,2,45.233421325683594,10151
-0.11646980047225952,0.0003,0.3323172628879547,1232,29235,55.21725845336914,11.84,-49.01812101,29134,2,47.00115203857422,10161
-0.17167316377162933,0.0003,0.332253634929657,1236,29269,58.092987060546875,11.77,-48.077459239999996,29168,2,1031.12353515625,10170
0.045269206166267395,0.0003,0.3332429826259613,1240,29336,55.306610107421875,12.11,-50.35914561,29235,2,890.62060546875,10187
0.09760293364524841,0.0003,0.33384960889816284,1244,29386,54.601924896240234,12.25,-50.61714413,29285,2,43.53034973144531,10198
-0.19016270339488983,0.0003,0.3346061110496521,1248,29462,50.020999908447266,12.47,-51.816494469999995,29361,2,43.31755065917969,10214
-0.19093778729438782,0.0003,0.334309846162796,1252,29480,54.05610275268555,12.13,-50.932688440000014,29379,2,1853.451904296875,10222
-0.1080288365483284,0.0003,0.3338766396045685,1256,29516,52.48733901977539,11.99,-50.43420781999999,29415,2,51.60395431518555,10232
0.09959933161735535,0.0003,0.33463338017463684,1260,29563,59.03840637207031,11.83,-50.28762686000001,29462,2,61.52315902709961,10246
-0.019708910956978798,0.0003,0.33628222346305847,1264,29624,54.50767517089844,11.85,-50.462530830000006,29523,2,55.64928436279297,10259
-0.19200335443019867,0.0003,0.33202096819877625,1268,29742,54.69042205810547,12.0,-50.75201358,29641,2,39.76475524902344,10281
-0.0281660258769989,0.0003,0.33184903860092163,1272,29775,49.70775604248047,11.84,-50.05567671,29674,2,34.70063018798828,10290
-0.09444202482700348,0.0003,0.3342670202255249,1276,29835,51.73859405517578,12.35,-52.44074087999999,29734,2,54.263038635253906,10304
0.22057081758975983,0.0003,0.33599552512168884,1280,29884,50.42118453979492,12.13,-51.14780397,29783,2,34.34266662597656,10315
0.1553347259759903,0.0003,0.3360278010368347,1284,29914,55.000213623046875,11.97,-49.091240150000004,29813,2,48.499916076660156,10324
-0.046723537147045135,0.0003,0.33531245589256287,1288,29939,54.49471664428711,11.41,-46.840516320000006,29838,2,901.177001953125,10333
-0.007815718650817871,0.0003,0.3363763689994812,1292,29977,47.709678649902344,11.22,-43.345434529999984,29876,2,990.101318359375,10343
0.3991994857788086,0.0003,0.33649909496307373,1296,30031,58.51995086669922,11.46,-44.508835469999994,29930,2,873.1990966796875,10356
0.14032146334648132,0.0003,0.33661776781082153,1300,30093,55.08702850341797,11.28,-44.20058144000001,29992,2,69.37525939941406,10370
0.16002359986305237,0.0003,0.33505329489707947,1304,30155,52.5006103515625,11.54,-45.86147283,30054,2,57.02949523925781,10385
-0.12338924407958984,0.0003,0.33500978350639343,1308,30190,47.84498596191406,11.51,-45.79033415,30089,2,41.698394775390625,10396
-0.15443682670593262,0.0003,0.3344099819660187,1312,30236,46.538597106933594,11.72,-46.656262610000006,30135,2,38.79555892944336,10408
-0.1695767492055893,0.0003,0.3327435255050659,1316,30268,59.18377685546875,11.92,-48.475767260000005,30167,2,2761.614990234375,10417
0.10471288859844208,0.0003,0.33131736516952515,1320,30298,58.08891296386719,11.79,-48.058120439999996,30197,2,1838.056640625,10427
-0.28093913197517395,0.0003,0.3307330012321472,1324,30333,53.66850662231445,11.76,-47.587180329999995,30232,2,38.84803009033203,10438
-0.05300282686948776,0.0003,0.3290344178676605,1328,30371,51.362709045410156,11.73,-47.32603477999999,30270,2,43.87087631225586,10448
-0.15190373361110687,0.0003,0.3286007046699524,1332,30412,54.06361770629883,11.77,-47.95329004999999,30311,2,33.53302001953125,10460
0.06752441078424454,0.0003,0.32819414138793945,1336,30458,54.699241638183594,11.89,-49.829481799999996,30357,2,75.60963439941406,10472
0.012841865420341492,0.0003,0.32836487889289856,1340,30517,52.859832763671875,11.81,-48.68464313,30416,2,41.40076446533203,10486
0.09540380537509918,0.0003,0.32571929693222046,1344,30583,52.86115264892578,11.97,-49.560054640000004,30482,2,37.92718505859375,10500
-0.02180909365415573,0.0003,0.3253467381000519,1348,30613,45.7376708984375,11.51,-48.23069388999999,30512,2,63.85692596435547,10510
-0.031242426484823227,0.0003,0.3247796297073364,1352,30640,53.762351989746094,11.6,-47.51956394999999,30539,2,80.17778015136719,10518
-0.15095701813697815,0.0003,0.32526132464408875,1356,30682,53.82794952392578,11.66,-48.878065979999995,30581,2,889.3265380859375,10529
-0.19588634371757507,0.0003,0.3241320550441742,1360,30728,54.76175308227539,11.65,-48.67780653,30627,2,37.991790771484375,10542
0.04204057157039642,0.0003,0.32442519068717957,1364,30786,59.132408142089844,11.62,-47.82932710999999,30685,2,1818.2138671875,10556
-0.2662823796272278,0.0003,0.3247353434562683,1368,30812,49.91399383544922,10.7,-44.28607838999999,30711,2,40.56218338012695,10567
0.06367652118206024,0.0003,0.32489126920700073,1372,30849,48.82954406738281,10.74,-44.67814783,30748,2,48.596736907958984,10577
-0.2293584644794464,0.0003,0.3253563642501831,1376,30869,48.794151306152344,10.34,-42.71812722,30768,2,39.379066467285156,10584
-0.05575999245047569,0.0003,0.3256072700023651,1380,30890,52.09821701049805,10.06,-41.307250890000006,30789,2,858.897216796875,10591
0.10804124921560287,0.0003,0.32520803809165955,1384,30944,50.08951187133789,10.3,-42.56348155,30843,2,41.702850341796875,10603
0.1863006055355072,0.0003,0.3262065351009369,1388,30977,57.534912109375,10.38,-43.03750182999999,30876,2,61.84070587158203,10612
0.00038962066173553467,0.0003,0.3261517286300659,1392,31026,50.363807678222656,10.49,-43.92945684999999,30925,2,89.829345703125,10624
0.003013409674167633,0.0003,0.3251449167728424,1396,31069,56.247982025146484,10.38,-43.49812738000001,30968,2,869.4521484375,10637
-0.5137487649917603,0.0003,0.3259044289588928,1400,31117,42.41019821166992,10.24,-42.400368240000006,31016,2,33.15546417236328,10650
0.02082647942006588,0.0003,0.3220456838607788,1404,31198,52.62114715576172,10.43,-43.15562077999999,31097,2,52.55170440673828,10667
-0.008637361228466034,0.0003,0.3193676769733429,1408,31245,48.7276725769043,10.55,-44.17672368,31144,2,55.797760009765625,10678
0.18748047947883606,0.0003,0.3188445568084717,1412,31279,49.96034622192383,10.43,-43.61345262000002,31178,2,56.25048065185547,10687
0.01158282533288002,0.0003,0.31788453459739685,1416,31311,54.396602630615234,10.43,-43.125566100000015,31210,2,971.607666015625,10697
0.2347002774477005,0.0003,0.3184641897678375,1420,31342,55.936981201171875,10.44,-43.11093837000001,31241,2,923.7998046875,10707
-0.13149961829185486,0.0003,0.3192821145057678,1424,31359,48.01669692993164,10.26,-44.628695019999995,31258,2,47.874778747558594,10715
-0.03785597160458565,0.0003,0.3187749683856964,1428,31396,47.3995246887207,10.25,-44.379277380000005,31295,2,98.83296966552734,10726
0.07830186188220978,0.0003,0.31927669048309326,1432,31447,48.22991943359375,10.35,-44.78746346,31346,2,46.92399978637695,10738
0.2949172854423523,0.0003,0.3201894760131836,1436,31486,54.57420349121094,10.28,-43.37976046000001,31385,2,57.248016357421875,10750
0.13352884352207184,0.0003,0.32072097063064575,1440,31523,50.92815399169922,10.06,-42.329791929999985,31422,2,44.320716857910156,10762
0.007865648716688156,0.0003,0.32188498973846436,1444,31575,52.159854888916016,9.92,-41.70803111,31474,2,54.984004974365234,10774
-0.25264546275138855,0.0003,0.3223193287849426,1448,31640,48.15048599243164,10.27,-42.83622853,31539,2,37.90418243408203,10788
0.160874605178833,0.0003,0.3227223753929138,1452,31682,51.063018798828125,10.42,-43.62217113,31581,2,953.0488891601562,10799
0.38194265961647034,0.0003,0.3230448365211487,1456,31726,52.874786376953125,10.44,-42.33464476000001,31625,2,50.151283264160156,10812
0.15975429117679596,0.0003,0.32357826828956604,1460,31786,57.011497497558594,10.58,-43.42624943,31685,2,1009.2347412109375,10825
0.18272627890110016,0.0003,0.32291579246520996,1464,31806,49.794734954833984,10.2,-43.97825812000001,31705,2,39.06056213378906,10835
0.23065192997455597,0.0003,0.3219437301158905,1468,31850,54.68402099609375,10.38,-45.653507879999985,31749,2,1747.8212890625,10846
-0.07984136044979095,0.0003,0.3212319016456604,1472,31898,52.94977951049805,10.49,-46.365882330000005,31797,2,926.0150756835938,10857
0.09197445213794708,0.0003,0.32143861055374146,1476,31942,51.06998825073242,10.73,-48.38137644999999,31841,2,40.99007034301758,10867
0.09396491199731827,0.0003,0.32099649310112,1480,31980,52.139930725097656,10.9,-48.86170821,31879,2,962.829833984375,10877
-0.08640342205762863,0.0003,0.3180859088897705,1484,32049,50.334373474121094,11.05,-49.72172244,31948,2,947.798095703125,10892
-0.10607655346393585,0.0003,0.3171936571598053,1488,32102,50.65833282470703,11.25,-50.629394680000004,32001,2,32.74784469604492,10907
0.2184690237045288,0.0003,0.3179855942726135,1492,32148,51.859230041503906,11.22,-50.14692715,32047,2,52.93697738647461,10919
-0.10360851883888245,0.0003,0.3186401128768921,1496,32211,45.08586883544922,11.42,-50.77871145,32110,2,32.95256042480469,10932
-0.27130642533302307,0.0003,0.3203653395175934,1500,32266,50.46200942993164,11.49,-50.55525994,32165,2,39.010009765625,10947
-0.10940579324960709,0.0003,0.3180009722709656,1504,32307,53.08228302001953,11.09,-48.50378475,32206,2,40.14137268066406,10958
0.056469351053237915,0.0003,0.31692275404930115,1508,32352,53.31340408325195,11.07,-47.98300744000001,32251,2,44.64649200439453,10969
0.025719385594129562,0.0003,0.3150694966316223,1512,32397,48.81630325317383,11.18,-48.91021361,32296,2,51.18524169921875,10982
-0.47247153520584106,0.0003,0.31364262104034424,1516,32423,49.005191802978516,11.12,-49.30747943,32322,2,945.826904296875,10991
-0.2294602245092392,0.0003,0.31318286061286926,1520,32473,46.739688873291016,11.31,-50.37995719000001,32372,2,37.864383697509766,11003
0.016787976026535034,0.0003,0.3097827136516571,1524,32564,51.34225082397461,12.05,-52.38933262,32463,2,34.87181854248047,11023
-0.09363246709108353,0.0003,0.3113604485988617,1528,32626,47.569190979003906,12.3,-53.55407881,32525,2,968.526123046875,11036
0.2718774080276489,0.0003,0.3121697008609772,1532,32662,53.94815444946289,12.15,-52.962371329999996,32561,2,898.4283447265625,11045
0.14300532639026642,0.0003,0.3133969008922577,1536,32712,45.8406982421875,12.26,-53.516729,32611,2,958.7284545898438,11057
0.017422854900360107,0.0003,0.3135252594947815,1540,32841,47.88189697265625,13.18,-56.56681240000001,32740,2,68.64817810058594,11082
0.12760338187217712,0.0003,0.3139975666999817,1544,32871,45.47835922241211,12.96,-55.25395259000001,32770,2,881.9866943359375,11090
0.02048969268798828,0.0003,0.3142114579677582,1548,32905,46.706520080566406,12.65,-53.08489935999999,32804,2,32.65586853027344,11101
-0.4329821765422821,0.0003,0.31451863050460815,1552,32944,51.889305114746094,12.62,-53.85586823999999,32843,2,1673.81591796875,11110
0.09744754433631897,0.0003,0.31611940264701843,1556,32992,47.74882507324219,12.66,-54.42053337,32891,2,30.699111938476562,11122
-0.40869495272636414,0.0003,0.31751328706741333,1560,33035,47.667789459228516,12.49,-53.18001279,32934,2,760.3272094726562,11134
-0.0444774366915226,0.0003,0.31612643599510193,1564,33060,47.17878723144531,12.54,-51.252004,32959,2,948.60595703125,11144
-0.20253829658031464,0.0003,0.3149340748786926,1568,33107,46.38960266113281,12.57,-50.67601613,33006,2,38.270599365234375,11156
-0.11973882466554642,0.0003,0.31384649872779846,1572,33145,43.338096618652344,12.47,-51.016545050000005,33044,2,946.081787109375,11170
-0.11032745242118835,0.0003,0.3137381970882416,1576,33168,51.754085540771484,12.26,-49.07186306000001,33067,2,121.89820861816406,11178
-0.309084951877594,0.0003,0.3132535219192505,1580,33229,43.12931442260742,12.49,-51.26547025,33128,2,34.388031005859375,11194
-0.28497910499572754,0.0003,0.313414603471756,1584,33259,43.71037292480469,12.1,-49.34121955,33158,2,901.8523559570312,11203
-0.012501813471317291,0.0003,0.3121728301048279,1588,33355,53.26647186279297,12.53,-54.48421026000001,33254,2,59.596221923828125,11223
-0.0030249133706092834,0.0003,0.31266266107559204,1592,33397,49.33113479614258,12.49,-54.1033165,33296,2,36.836429595947266,11235
-0.3757435977458954,0.0003,0.3126428723335266,1596,33412,45.75345993041992,12.01,-53.04770854,33311,2,66.69406127929688,11249
-0.033275485038757324,0.0003,0.3130173683166504,1600,33455,49.691444396972656,11.89,-53.78073482,33354,2,1802.13671875,11261
-0.02770814299583435,0.0003,0.31530696153640747,1604,33561,47.715972900390625,12.54,-55.85383403,33460,2,62.43633270263672,11285
-0.05245020240545273,0.0003,0.31633642315864563,1608,33594,47.82426071166992,12.42,-56.50985425999999,33493,2,974.4014892578125,11298
-0.03291069343686104,0.0003,0.3169926106929779,1612,33647,52.263248443603516,12.5,-57.36609985,33546,2,951.2822265625,11312
0.1681089848279953,0.0003,0.3174442648887634,1616,33690,52.489959716796875,12.67,-57.55417816,33589,2,782.24951171875,11323
0.22591941058635712,0.0003,0.3161567747592926,1620,33726,50.45475769042969,12.53,-56.814336170000004,33625,2,75.93234252929688,11334
-0.18890872597694397,0.0003,0.31330108642578125,1624,33789,48.78144454956055,12.25,-55.27731521,33688,2,37.223838806152344,11348
-0.23524589836597443,0.0003,0.3130027949810028,1628,33845,46.40030288696289,12.19,-54.79179758000001,33744,2,52.30259323120117,11361
-0.20455220341682434,0.0003,0.31269022822380066,1632,33882,48.91505813598633,12.2,-55.65940517000001,33781,2,36.37508773803711,11374
-0.014732839539647102,0.0003,0.3134746849536896,1636,33934,48.05999755859375,12.22,-55.67896424999999,33833,2,36.322052001953125,11388
-0.15022145211696625,0.0003,0.31126511096954346,1640,33975,51.50581741333008,11.34,-53.96486835,33874,2,892.06787109375,11400
-0.31850069761276245,0.0003,0.31017807126045227,1644,33993,51.16340255737305,11.22,-53.68255532000001,33892,2,1783.557373046875,11407
0.0048273783177137375,0.0003,0.30960705876350403,1648,34069,49.81989669799805,11.64,-55.99066746,33968,2,38.98360061645508,11425
-0.058461613953113556,0.0003,0.31035807728767395,1652,34114,50.525943756103516,11.7,-55.38715042999999,34013,2,84.05218505859375,11437
0.03478369489312172,0.0003,0.3108897805213928,1656,34149,47.83062744140625,11.57,-54.50066577,34048,2,39.090293884277344,11448
-0.28387126326560974,0.0003,0.3091375231742859,1660,34217,44.512413024902344,11.82,-55.49474423999999,34116,2,32.525238037109375,11464
-0.3848878741264343,0.0003,0.30814462900161743,1664,34248,48.21987533569336,11.88,-57.47272603,34147,2,955.4381103515625,11474
0.028514523059129715,0.0003,0.30669230222702026,1668,34286,47.51289749145508,11.79,-57.007818490000005,34185,2,61.51516342163086,11486
-0.11155423521995544,0.0003,0.30609560012817383,1672,34339,46.14137649536133,11.94,-58.13326083999999,34238,2,32.51432800292969,11498
-0.15844225883483887,0.0003,0.30559054017066956,1676,34377,51.30670928955078,12.09,-59.08158831,34276,2,44.0846061706543,11507
-0.2097809910774231,0.0003,0.3008033037185669,1680,34435,43.953094482421875,12.06,-59.824031450000014,34334,2,35.10401916503906,11522
0.08129458129405975,0.0003,0.29939591884613037,1684,34461,44.76545333862305,12.02,-59.63290178000001,34360,2,53.12360763549805,11532
0.35109445452690125,0.0003,0.297889769077301,1688,34514,52.09465026855469,11.59,-55.03579984,34413,2,157.89236450195312,11545
-0.295356810092926,0.0003,0.29903244972229004,1692,34560,44.57392120361328,11.63,-55.21819319,34459,2,28.516996383666992,11555
